2017-09-17,245.85,257.0,235.24,251.75,"427,452,000","23,272,500,000",3606.28,3664.81,3445.64,3582.88,"1,239,150,000","59,757,800,000"
2017-09-16,250.87,262.59,238.22,246.52,"711,737,000","23,742,600,000",3637.75,3808.84,3487.79,3625.04,"1,818,400,000","60,271,600,000"
2017-09-15,215.22,258.65,195.03,250.46,"1,935,700,000","20,364,900,000",3166.3,3733.45,2946.62,3637.52,"4,148,070,000","52,453,500,000"
2017-09-14,276.59,280.84,213.91,213.91,"1,184,590,000","26,166,100,000",3875.37,3920.6,3153.86,3154.95,"2,716,310,000","64,191,600,000"
2017-09-13,291.12,291.12,260.61,277.11,"921,692,000","27,535,700,000",4131.98,4131.98,3789.92,3882.59,"2,219,410,000","68,432,200,000"
2017-09-12,294.63,311.19,287.23,291.46,"753,144,000","27,861,800,000",4168.88,4344.65,4085.22,4130.81,"1,864,530,000","69,033,400,000"
2017-09-11,289.75,300.69,286.69,294.53,"571,307,000","27,394,400,000",4122.47,4261.67,4099.4,4161.27,"1,557,330,000","68,256,000,000"
2017-09-10,294.06,294.76,268.97,288.75,"698,326,000","27,797,200,000",4229.34,4245.44,3951.04,4122.94,"1,679,090,000","70,018,100,000"
2017-09-09,296.17,299.89,287.22,294.4,"528,621,000","27,990,500,000",4229.81,4308.82,4114.11,4226.06,"1,386,230,000","70,017,200,000"
2017-09-08,329.64,329.64,285.16,296.5,"1,098,780,000","31,147,200,000",4605.16,4661.0,4075.18,4228.75,"2,700,890,000","76,220,200,000"
2017-09-07,333.52,333.52,319.94,329.43,"718,624,000","31,507,500,000",4589.14,4655.04,4491.33,4599.88,"1,844,620,000","75,945,000,000"
2017-09-06,313.8,334.66,313.49,334.34,"1,058,830,000","29,639,100,000",4376.59,4617.25,4376.59,4597.12,"2,172,100,000","72,418,700,000"
2017-09-05,297.57,318.57,268.29,312.99,"1,551,050,000","28,100,000,000",4228.29,4427.84,3998.11,4376.53,"2,697,970,000","69,954,400,000"
2017-09-04,347.13,347.13,279.94,295.17,"1,801,690,000","32,774,000,000",4591.63,4591.63,4108.4,4236.31,"2,987,330,000","75,955,500,000"
2017-09-03,350.23,366.49,332.23,347.48,"986,266,000","33,059,800,000",4585.27,4714.08,4417.59,4582.96,"1,933,190,000","75,841,700,000"
2017-09-02,387.82,389.35,328.1,348.98,"1,483,600,000","36,601,200,000",4901.42,4975.04,4469.24,4578.77,"2,722,140,000","81,060,600,000"
2017-09-01,383.47,390.04,383.47,387.74,"874,222,000","36,182,900,000",4701.76,4892.01,4678.53,4892.01,"2,599,080,000","77,748,400,000"
2017-08-31,378.44,386.14,376.35,383.04,"706,254,000","35,701,500,000",4555.59,4736.05,4549.4,4703.39,"1,944,930,000","75,322,300,000"
2017-08-30,369.47,388.75,361.97,378.49,"1,333,320,000","34,848,400,000",4570.36,4626.52,4471.41,4565.3,"1,937,850,000","75,556,600,000"
2017-08-29,347.96,373.76,347.79,370.67,"1,220,030,000","32,813,200,000",4389.21,4625.68,4352.13,4579.02,"2,486,080,000","72,553,800,000"
2017-08-28,350.04,352.05,338.41,347.75,"854,319,000","33,002,700,000",4384.45,4403.93,4224.64,4382.66,"1,959,330,000","72,467,900,000"
2017-08-27,334.36,347.89,334.36,347.89,"633,370,000","31,517,500,000",4345.1,4416.59,4317.29,4382.88,"1,537,460,000","71,809,200,000"
2017-08-26,331.99,334.99,327.92,333.88,"514,181,000","31,288,300,000",4372.06,4379.28,4269.52,4352.4,"1,511,610,000","72,249,100,000"
2017-08-25,326.11,336.4,325.8,331.92,"760,329,000","30,727,900,000",4332.82,4455.7,4307.35,4371.6,"1,727,970,000","71,595,100,000"
2017-08-24,317.45,327.96,317.08,325.61,"697,665,000","29,904,600,000",4137.6,4376.39,4130.26,4334.68,"2,037,750,000","68,363,900,000"
2017-08-23,315.27,324.21,314.54,317.52,"811,990,000","29,691,900,000",4089.01,4255.78,4078.41,4151.52,"2,369,820,000","67,553,000,000"
2017-08-22,321.06,327.36,297.91,314.79,"1,336,400,000","30,229,900,000",3998.35,4128.76,3674.58,4100.52,"3,764,240,000","66,051,000,000"
2017-08-21,300.48,347.05,297.23,321.59,"2,448,970,000","28,285,500,000",4090.48,4109.14,3988.6,4001.74,"2,800,890,000","67,567,100,000"
2017-08-20,296.64,301.43,291.58,301.43,"571,947,000","27,918,100,000",4189.31,4196.29,4069.88,4087.66,"2,109,770,000","69,192,700,000"
2017-08-19,296.18,301.67,286.18,297.47,"860,202,000","27,867,900,000",4137.75,4243.26,3970.55,4193.7,"2,975,820,000","68,333,100,000"
2017-08-18,301.7,307.96,292.5,295.59,"936,160,000","28,380,200,000",4324.34,4370.13,4015.4,4160.62,"2,941,710,000","71,406,500,000"
2017-08-17,302.81,311.03,300.25,301.46,"909,494,000","28,477,500,000",4384.44,4484.7,4243.71,4331.69,"2,553,360,000","72,389,100,000"
2017-08-16,289.82,303.41,285.38,302.27,"967,643,000","27,249,700,000",4200.34,4381.23,3994.42,4376.63,"2,272,040,000","69,342,700,000"
2017-08-15,299.95,300.41,279.33,289.82,"1,051,800,000","28,195,800,000",4326.99,4455.97,3906.18,4181.93,"3,258,050,000","71,425,500,000"
2017-08-14,298.03,306.81,296.41,300.1,"864,391,000","28,008,700,000",4066.1,4325.13,3989.16,4325.13,"2,463,090,000","67,112,300,000"
2017-08-13,310.37,310.82,289.31,298.06,"1,369,370,000","29,161,100,000",3880.04,4208.39,3857.8,4073.26,"3,159,090,000","64,034,100,000"
2017-08-12,308.71,317.56,307.9,310.6,"1,111,650,000","28,998,700,000",3650.63,3949.92,3613.7,3884.71,"2,219,590,000","60,242,100,000"
2017-08-11,294.5,309.21,294.5,308.86,"953,576,000","27,657,000,000",3373.82,3679.72,3372.12,3650.62,"2,021,190,000","55,668,000,000"
2017-08-10,296.96,306.59,289.93,295.89,"1,076,820,000","27,882,200,000",3341.84,3453.45,3319.47,3381.28,"1,515,110,000","55,134,700,000"
2017-08-09,297.63,318.72,276.69,296.03,"2,638,580,000","27,938,700,000",3420.4,3422.76,3247.67,3342.47,"1,468,960,000","56,424,900,000"
2017-08-08,269.1,298.91,266.8,296.77,"1,502,410,000","25,254,600,000",3370.22,3484.85,3345.83,3419.94,"1,752,760,000","55,590,300,000"
2017-08-07,261.24,271.96,256.69,269.18,"935,727,000","24,511,000,000",3212.78,3397.68,3180.89,3378.94,"1,482,280,000","52,987,300,000"
2017-08-06,256.42,271.05,252.85,261.57,"1,482,980,000","24,053,500,000",3257.61,3293.29,3155.6,3213.94,"1,105,030,000","53,720,900,000"
2017-08-05,222.85,256.51,221.95,256.51,"1,333,000,000","20,900,000,000",2897.63,3290.01,2874.83,3252.91,"1,945,700,000","47,778,200,000"
2017-08-04,225.31,227.62,222.06,223.07,"539,783,000","21,125,600,000",2806.93,2899.33,2743.72,2895.89,"1,002,120,000","46,276,200,000"
2017-08-03,220.18,228.29,219.89,225.34,"557,217,000","20,640,100,000",2709.56,2813.31,2685.14,2804.73,"804,797,000","44,666,400,000"
2017-08-02,227.01,229.51,218.12,219.95,"632,606,000","21,275,200,000",2727.13,2762.53,2668.59,2710.67,"1,094,950,000","44,950,800,000"
2017-08-01,204.69,227.74,204.69,226.77,"1,585,330,000","19,179,100,000",2871.3,2921.35,2685.61,2718.26,"1,324,670,000","47,321,800,000"
2017-07-31,197.41,203.87,193.41,203.87,"569,414,000","18,492,000,000",2763.24,2889.62,2720.61,2875.34,"860,575,000","45,535,800,000"
2017-07-30,206.74,208.54,196.15,197.98,"596,234,000","19,360,900,000",2724.39,2758.53,2644.85,2757.18,"705,943,000","44,890,700,000"
2017-07-29,193.34,208.68,179.65,205.79,"824,355,000","18,101,800,000",2807.02,2808.76,2692.8,2726.45,"803,746,000","46,246,700,000"
2017-07-28,204.32,204.9,192.3,193.12,"562,571,000","19,125,100,000",2679.73,2897.45,2679.73,2809.01,"1,380,100,000","44,144,400,000"
2017-07-27,204.86,206.44,201.26,204.32,"393,283,000","19,169,800,000",2538.71,2693.32,2529.34,2671.78,"789,104,000","41,816,500,000"
2017-07-26,207.09,210.77,194.78,203.95,"717,692,000","19,373,400,000",2577.77,2610.76,2450.8,2529.45,"937,404,000","42,455,000,000"
2017-07-25,224.37,225.32,195.84,206.71,"1,095,760,000","20,985,200,000",2757.5,2768.08,2480.96,2576.48,"1,460,090,000","45,410,100,000"
2017-07-24,226.28,227.54,222.45,224.71,"431,691,000","21,158,500,000",2732.7,2777.26,2699.19,2754.86,"866,474,000","44,995,600,000"
2017-07-23,229.12,231.68,217.72,225.95,"649,615,000","21,418,300,000",2808.1,2832.18,2653.94,2730.4,"1,072,840,000","46,231,100,000"
2017-07-22,217.86,232.7,216.87,229.48,"618,260,000","20,360,100,000",2668.63,2862.42,2657.71,2810.12,"1,177,130,000","43,929,600,000"
2017-07-21,226.06,235.12,213.01,218.31,"1,006,130,000","21,121,100,000",2838.41,2838.41,2621.85,2667.76,"1,489,450,000","46,719,000,000"
2017-07-20,205.42,233.9,203.22,227.26,"2,225,000,000","19,187,800,000",2269.89,2900.7,2269.89,2817.6,"2,249,260,000","37,356,800,000"
2017-07-19,234.94,245.65,191.75,199.7,"2,328,790,000","21,939,300,000",2323.08,2397.17,2260.23,2273.43,"1,245,100,000","38,227,800,000"
2017-07-18,195.03,267.99,182.06,234.39,"2,709,260,000","18,207,400,000",2233.52,2387.61,2164.77,2318.88,"1,512,450,000","36,749,400,000"
2017-07-17,159.99,194.75,158.04,193.42,"1,669,500,000","14,932,700,000",1932.62,2230.49,1932.62,2228.41,"1,201,760,000","31,795,000,000"
2017-07-16,169.57,172.01,133.72,157.36,"1,516,890,000","15,823,100,000",1991.98,2058.77,1843.03,1929.82,"1,182,870,000","32,767,600,000"
2017-07-15,199.71,200.16,170.66,170.66,"810,452,000","18,630,200,000",2230.12,2231.14,1990.41,1998.86,"993,608,000","36,681,300,000"
2017-07-14,209.53,211.1,187.37,199.66,"749,382,000","19,541,300,000",2360.59,2363.25,2183.22,2233.34,"882,503,000","38,823,100,000"
2017-07-13,231.81,231.81,200.06,209.73,"828,489,000","21,613,900,000",2402.7,2425.22,2340.83,2357.9,"835,770,000","39,511,000,000"
2017-07-12,197.15,230.77,189.59,230.77,"1,241,190,000","18,377,600,000",2332.77,2423.71,2275.14,2398.84,"1,117,410,000","38,355,900,000"
2017-07-11,211.53,220.29,183.39,197.4,"1,440,950,000","19,712,300,000",2385.89,2413.47,2296.81,2337.79,"1,329,760,000","39,224,200,000"
2017-07-10,243.01,243.07,196.97,215.36,"937,219,000","22,640,500,000",2525.25,2537.16,2321.13,2372.56,"1,111,200,000","41,509,000,000"
2017-07-09,251.82,255.1,242.14,242.14,"505,118,000","23,454,700,000",2572.61,2635.49,2517.59,2518.44,"527,856,000","42,283,200,000"
2017-07-08,245.89,273.48,236.55,251.7,"754,958,000","22,890,700,000",2520.27,2571.34,2492.31,2571.34,"733,330,000","41,417,700,000"
2017-07-07,270.35,273.94,244.17,245.99,"687,252,000","25,160,800,000",2608.59,2916.14,2498.87,2518.66,"917,412,000","42,864,200,000"
2017-07-06,268.86,278.48,265.51,270.55,"623,080,000","25,019,500,000",2608.1,2616.72,2581.69,2608.56,"761,957,000","42,851,400,000"
2017-07-05,273.1,275.13,261.45,268.77,"790,256,000","25,406,900,000",2602.87,2622.65,2538.55,2601.99,"941,566,000","42,760,800,000"
2017-07-04,282.19,287.39,273.11,273.3,"687,691,000","26,245,000,000",2561.0,2631.59,2559.35,2601.64,"985,516,000","42,067,900,000"
2017-07-03,288.41,291.1,281.18,282.9,"851,408,000","26,815,900,000",2498.56,2595.0,2480.47,2564.06,"964,112,000","41,037,200,000"
2017-07-02,275.12,295.51,262.52,287.99,"1,123,330,000","25,572,800,000",2436.4,2514.28,2394.84,2506.47,"803,747,000","40,010,500,000"
2017-07-01,293.35,293.75,268.62,274.6,"1,089,200,000","27,259,400,000",2492.6,2515.27,2419.23,2434.55,"779,914,000","40,928,200,000"
2017-06-30,303.15,315.17,288.44,294.92,"1,011,800,000","28,161,900,000",2539.24,2559.25,2478.43,2480.84,"860,273,000","41,689,100,000"
2017-06-29,328.37,330.71,297.37,302.88,"1,508,580,000","30,495,300,000",2567.56,2588.83,2510.48,2539.32,"949,979,000","42,150,300,000"
2017-06-28,293.04,333.1,276.41,327.93,"2,056,550,000","27,207,000,000",2553.03,2603.98,2484.42,2574.79,"1,183,870,000","41,906,700,000"
2017-06-27,272.69,293.09,227.14,293.09,"1,973,870,000","25,309,700,000",2478.45,2552.45,2332.99,2552.45,"1,489,790,000","40,677,900,000"
2017-06-26,302.95,311.46,238.65,272.69,"2,081,810,000","28,111,200,000",2590.57,2615.25,2376.29,2478.45,"1,663,280,000","42,514,000,000"
2017-06-25,323.47,332.79,284.65,303.25,"1,186,880,000","30,005,900,000",2607.25,2682.26,2552.12,2589.41,"1,161,100,000","42,783,800,000"
2017-06-24,341.63,343.62,322.09,323.7,"673,585,000","31,681,300,000",2738.52,2757.94,2583.19,2608.72,"982,750,000","44,932,900,000"
2017-06-23,336.49,348.01,334.99,341.74,"593,207,000","31,195,900,000",2707.34,2765.17,2706.37,2744.91,"961,319,000","44,415,900,000"
2017-06-22,337.73,342.03,330.62,336.37,"925,767,000","31,302,600,000",2691.03,2723.74,2642.36,2705.41,"1,097,940,000","44,143,700,000"
2017-06-21,359.54,361.34,319.48,336.87,"1,420,130,000","33,310,500,000",2709.43,2772.01,2660.4,2689.1,"1,626,580,000","44,440,800,000"
2017-06-20,370.33,377.97,350.94,359.0,"1,020,390,000","34,304,000,000",2591.26,2763.45,2589.82,2721.79,"1,854,190,000","42,498,000,000"
2017-06-19,371.86,377.12,369.76,370.06,"685,172,000","34,435,700,000",2549.03,2662.85,2549.03,2589.6,"1,446,840,000","41,800,600,000"
2017-06-18,379.52,390.58,368.84,371.46,"904,703,000","35,133,800,000",2655.35,2662.1,2516.33,2548.29,"1,178,660,000","43,539,300,000"
2017-06-17,369.88,379.41,364.0,379.41,"904,653,000","34,231,300,000",2514.01,2685.19,2484.96,2655.88,"1,534,510,000","41,217,200,000"
2017-06-16,361.18,373.06,341.42,370.23,"1,096,280,000","33,415,800,000",2469.57,2539.92,2385.15,2518.56,"1,195,190,000","40,484,100,000"
2017-06-15,358.51,364.44,300.7,361.93,"2,463,450,000","33,158,200,000",2499.58,2534.71,2212.96,2464.58,"2,026,260,000","40,971,300,000"
2017-06-14,397.59,399.32,342.21,359.05,"1,272,580,000","36,761,600,000",2716.88,2786.83,2412.94,2506.37,"1,696,560,000","44,528,300,000"
2017-06-13,395.69,411.18,370.06,397.54,"1,717,380,000","36,574,500,000",2680.91,2789.04,2650.38,2717.02,"1,781,200,000","43,934,100,000"
2017-06-12,341.16,414.76,341.16,401.49,"2,882,650,000","31,525,300,000",2953.22,2997.26,2518.56,2659.63,"2,569,530,000","48,391,200,000"
2017-06-11,338.79,353.01,318.17,340.61,"1,373,220,000","31,296,800,000",2942.41,2996.6,2840.53,2958.11,"1,752,400,000","48,208,700,000"
2017-06-10,282.01,350.26,282.01,337.67,"1,611,630,000","26,043,700,000",2828.14,2950.99,2746.55,2947.71,"2,018,890,000","46,331,400,000"
2017-06-09,261.75,282.76,261.75,281.74,"557,986,000","24,165,000,000",2807.44,2901.71,2795.62,2823.81,"1,348,950,000","45,987,100,000"
2017-06-08,257.99,262.25,253.97,261.67,"385,494,000","23,810,900,000",2720.49,2815.3,2670.95,2805.62,"1,281,170,000","44,557,100,000"
2017-06-07,264.26,264.67,254.04,258.07,"461,649,000","24,382,200,000",2869.38,2869.38,2700.56,2732.16,"1,517,710,000","46,989,800,000"
2017-06-06,248.6,267.51,246.84,264.47,"741,553,000","22,930,400,000",2690.84,2999.91,2690.84,2863.2,"2,089,610,000","44,061,000,000"
2017-06-05,245.26,249.47,243.05,248.46,"435,660,000","22,615,800,000",2512.4,2686.81,2510.22,2686.81,"1,369,310,000","41,133,900,000"
2017-06-04,224.12,250.41,223.98,245.33,"753,820,000","20,659,800,000",2547.79,2585.89,2452.54,2511.81,"1,355,120,000","41,708,200,000"
2017-06-03,223.46,225.97,219.42,224.38,"427,896,000","20,593,500,000",2493.72,2581.91,2423.57,2515.35,"1,514,950,000","40,817,100,000"
2017-06-02,222.29,229.41,219.58,223.78,"469,532,000","20,479,000,000",2404.03,2488.55,2373.32,2488.55,"1,317,030,000","39,344,600,000"
2017-06-01,230.89,236.22,214.48,222.24,"812,924,000","21,264,800,000",2288.33,2448.39,2288.33,2407.88,"1,653,180,000","37,446,200,000"
2017-05-31,231.58,236.97,215.57,230.67,"1,271,600,000","21,321,900,000",2187.19,2311.08,2145.57,2286.41,"1,544,830,000","35,786,700,000"
2017-05-30,195.61,233.71,189.29,231.91,"1,586,670,000","18,004,700,000",2255.36,2301.96,2124.57,2175.47,"1,443,970,000","36,897,000,000"
2017-05-29,170.13,197.13,164.53,194.91,"718,828,000","15,654,600,000",2159.43,2307.05,2107.17,2255.61,"994,625,000","35,323,500,000"
2017-05-28,158.82,179.94,157.6,170.51,"717,971,000","14,608,600,000",2054.08,2267.34,2054.08,2155.8,"1,147,140,000","33,595,900,000"
2017-05-27,159.82,166.95,120.44,157.76,"1,217,060,000","14,696,000,000",2196.27,2260.2,1855.83,2038.87,"1,700,480,000","35,917,100,000"
2017-05-26,175.22,193.69,150.28,160.4,"792,458,000","16,107,000,000",2320.89,2573.79,2071.99,2202.42,"1,763,480,000","37,950,600,000"
2017-05-25,189.85,210.98,170.51,174.45,"943,637,000","17,446,600,000",2446.24,2763.71,2285.3,2304.98,"2,406,700,000","39,995,400,000"
2017-05-24,182.65,228.37,182.45,190.05,"561,014,000","16,779,700,000",2321.37,2523.72,2321.37,2443.64,"1,725,380,000","37,949,200,000"
2017-05-23,170.82,183.55,169.93,181.95,"530,709,000","15,688,000,000",2191.56,2320.82,2178.5,2320.42,"1,378,750,000","35,822,600,000"
2017-05-22,158.17,201.75,152.47,174.26,"1,188,910,000","14,522,100,000",2043.19,2303.9,2017.87,2173.4,"1,942,220,000","33,393,600,000"
2017-05-21,127.54,159.03,125.89,157.94,"570,361,000","11,705,700,000",2067.03,2119.08,2037.5,2041.2,"1,147,860,000","33,779,400,000"
2017-05-20,129.22,133.64,124.7,126.52,"331,455,000","11,856,600,000",1984.24,2084.73,1974.92,2084.73,"961,336,000","32,422,400,000"
2017-05-19,97.05,133.56,97.05,129.53,"626,945,000","8,902,240,000",1897.37,2004.52,1890.25,1987.71,"1,157,290,000","30,999,000,000"
2017-05-18,89.84,97.37,89.84,96.91,"196,237,000","8,238,110,000",1818.7,1904.48,1807.12,1888.65,"894,321,000","29,710,500,000"
2017-05-17,89.25,91.27,84.43,89.86,"183,031,000","8,181,520,000",1726.73,1864.05,1661.91,1839.09,"1,064,730,000","28,204,800,000"
2017-05-16,92.39,93.56,89.12,89.44,"152,285,000","8,466,470,000",1741.7,1785.94,1686.54,1734.45,"959,045,000","28,446,300,000"
2017-05-15,90.78,95.43,86.83,92.41,"170,999,000","8,316,930,000",1808.44,1812.8,1708.54,1738.43,"731,529,000","29,532,600,000"
2017-05-14,90.87,91.25,89.61,90.79,"66,046,600","8,322,380,000",1800.86,1831.42,1776.62,1808.91,"437,196,000","29,405,100,000"
2017-05-13,88.69,93.81,86.66,90.84,"88,742,200","8,120,390,000",1723.12,1812.99,1651.08,1804.91,"579,635,000","28,132,300,000"
2017-05-12,89.43,93.12,88.66,88.66,"145,825,000","8,184,930,000",1845.76,1856.15,1694.01,1724.24,"740,984,000","30,131,100,000"
2017-05-11,89.77,102.55,88.48,89.88,"132,722,000","8,213,570,000",1780.37,1873.93,1755.35,1848.57,"799,490,000","29,060,600,000"
2017-05-10,91.15,92.85,85.29,89.52,"145,602,000","8,337,180,000",1756.52,1788.44,1719.1,1787.13,"915,723,000","28,668,100,000"
2017-05-09,91.23,93.06,80.39,91.16,"363,434,000","8,341,490,000",1723.89,1833.49,1716.3,1755.36,"1,167,920,000","28,132,200,000"
2017-05-08,93.75,95.14,89.51,91.42,"231,344,000","8,569,060,000",1596.92,1723.35,1596.92,1723.35,"1,340,320,000","26,056,500,000"
2017-05-07,97.87,98.24,89.87,94.01,"183,295,000","8,942,950,000",1579.47,1596.72,1559.76,1596.71,"1,080,030,000","25,768,500,000"
2017-05-06,94.91,97.88,90.95,97.81,"151,462,000","8,669,910,000",1556.81,1578.8,1542.5,1578.8,"582,530,000","25,395,600,000"
2017-05-05,96.73,103.23,92.22,94.4,"331,928,000","8,833,520,000",1540.87,1618.03,1530.31,1555.45,"946,036,000","25,133,100,000"
2017-05-04,79.72,97.56,79.43,96.98,"366,847,000","7,277,480,000",1490.72,1608.91,1490.72,1537.67,"933,549,000","24,311,900,000"
2017-05-03,77.25,80.1,75.76,79.72,"141,922,000","7,050,050,000",1453.78,1492.77,1447.49,1490.09,"583,796,000","23,707,100,000"
2017-05-02,76.65,79.35,74.38,77.26,"193,773,000","6,992,980,000",1421.03,1473.9,1415.69,1452.82,"477,338,000","23,170,200,000"
2017-05-01,79.32,82.52,73.09,76.3,"376,842,000","7,234,070,000",1348.3,1434.32,1348.3,1421.6,"713,624,000","21,981,800,000"
2017-04-30,68.54,79.02,68.35,79.02,"229,945,000","6,248,840,000",1321.87,1347.91,1314.92,1347.89,"413,115,000","21,548,400,000"
2017-04-29,71.39,71.9,66.78,68.38,"165,448,000","6,506,490,000",1317.84,1327.2,1315.21,1321.79,"422,706,000","21,479,800,000"
2017-04-28,62.23,70.85,62.13,70.16,"346,546,000","5,669,550,000",1317.74,1331.28,1292.37,1316.48,"527,489,000","21,476,000,000"
2017-04-27,52.81,62.17,52.29,62.17,"246,775,000","4,809,630,000",1281.88,1319.7,1281.3,1317.73,"449,197,000","20,889,200,000"
2017-04-26,49.91,53.44,49.91,52.72,"104,884,000","4,544,370,000",1265.99,1294.83,1265.93,1281.08,"329,631,000","20,627,900,000"
2017-04-25,50.07,50.3,49.81,49.89,"38,264,600","4,557,870,000",1250.45,1267.58,1249.97,1265.49,"242,556,000","20,372,300,000"
2017-04-24,48.87,50.18,48.87,50.03,"55,580,600","4,446,470,000",1209.63,1250.94,1209.63,1250.15,"235,806,000","19,705,400,000"
2017-04-23,48.59,48.89,48.17,48.49,"36,234,000","4,420,040,000",1231.92,1232.2,1203.94,1207.21,"258,951,000","20,066,200,000"
2017-04-22,48.18,48.74,48.17,48.55,"37,357,600","4,381,290,000",1222.71,1235.56,1208.47,1231.71,"249,320,000","19,913,900,000"
2017-04-21,49.64,49.66,48.14,48.22,"45,048,300","4,512,610,000",1229.42,1235.94,1215.56,1222.05,"272,167,000","20,020,700,000"
2017-04-20,48.13,49.99,48.13,49.67,"79,600,900","4,373,800,000",1211.08,1240.79,1208.41,1229.08,"315,108,000","19,719,900,000"
2017-04-19,50.73,50.95,47.26,48.31,"76,281,000","4,608,260,000",1212.13,1215.51,1205.08,1210.29,"288,061,000","19,734,800,000"
2017-04-18,48.32,51.03,48.3,50.71,"78,748,500","4,387,860,000",1193.77,1217.57,1193.77,1211.67,"270,524,000","19,433,800,000"
2017-04-17,48.66,48.75,48.05,48.3,"44,013,300","4,417,310,000",1183.25,1194.9,1172.65,1193.91,"253,206,000","19,260,500,000"
2017-04-16,49.04,49.14,48.19,48.72,"31,343,800","4,450,140,000",1172.61,1187.22,1172.61,1182.94,"183,231,000","19,085,100,000"
2017-04-15,47.65,49.57,47.18,49.1,"66,207,800","4,323,100,000",1167.3,1188.0,1164.96,1172.52,"203,559,000","18,996,500,000"
2017-04-14,49.97,50.05,46.76,47.57,"91,674,400","4,531,810,000",1170.33,1190.8,1159.79,1167.54,"254,827,000","19,043,800,000"
2017-04-13,46.31,50.91,46.31,50.22,"157,200,000","4,198,420,000",1201.02,1205.89,1156.44,1169.28,"351,969,000","19,541,300,000"
2017-04-12,43.46,47.23,43.11,46.29,"88,045,700","3,938,930,000",1204.81,1207.14,1196.76,1200.37,"288,702,000","19,600,800,000"
2017-04-11,43.5,44.25,43.3,43.41,"38,303,300","3,941,100,000",1187.46,1208.07,1187.46,1205.01,"216,182,000","19,316,000,000"
2017-04-10,43.28,44.14,42.42,43.44,"44,061,500","3,919,520,000",1187.3,1190.34,1179.04,1187.13,"215,883,000","19,311,200,000"
2017-04-09,44.28,44.49,42.89,43.27,"55,143,000","4,009,010,000",1176.57,1197.21,1171.86,1187.87,"242,343,000","19,134,400,000"
2017-04-08,41.8,45.21,41.73,44.31,"74,138,800","3,783,000,000",1172.65,1184.98,1162.58,1175.95,"209,312,000","19,068,600,000"
2017-04-07,42.87,44.04,41.65,42.16,"81,474,700","3,878,210,000",1178.94,1186.58,1163.39,1176.9,"317,022,000","19,168,500,000"
2017-04-06,45.22,45.64,40.9,43.24,"147,120,000","4,089,930,000",1125.81,1188.37,1125.81,1182.68,"511,222,000","18,302,600,000"
2017-04-05,44.66,47.84,44.54,45.3,"119,733,000","4,037,940,000",1134.14,1135.09,1113.63,1124.78,"414,784,000","18,435,700,000"
2017-04-04,43.92,45.74,41.72,44.64,"157,568,000","3,969,730,000",1145.52,1156.44,1120.52,1133.25,"436,310,000","18,619,000,000"
2017-04-03,48.82,48.82,43.41,44.36,"190,513,000","4,411,030,000",1102.95,1151.74,1102.95,1143.81,"580,444,000","17,924,600,000"
2017-04-02,50.74,51.27,45.43,48.75,"134,604,000","4,582,700,000",1080.61,1107.59,1075.45,1102.17,"514,187,000","17,559,400,000"
2017-04-01,50.03,51.93,48.88,50.7,"92,461,900","4,517,510,000",1071.71,1091.72,1061.09,1080.5,"289,634,000","17,413,000,000"
2017-03-31,51.75,51.77,47.38,50.04,"151,416,000","4,671,190,000",1026.64,1074.92,1026.64,1071.79,"447,287,000","16,679,000,000"
2017-03-30,53.12,53.31,51.87,52.21,"86,885,700","4,793,280,000",1042.21,1049.29,1020.04,1026.43,"352,969,000","16,929,800,000"
2017-03-29,50.57,53.87,50.55,53.13,"144,998,000","4,561,150,000",1046.08,1055.13,1015.88,1039.97,"298,458,000","16,990,900,000"
2017-03-28,49.71,50.96,49.15,50.77,"97,745,300","4,482,160,000",1044.58,1064.65,1027.73,1047.15,"326,332,000","16,964,500,000"
2017-03-27,51.31,52.46,48.93,49.67,"118,978,000","4,624,990,000",972.05,1046.4,971.98,1045.77,"372,535,000","15,785,000,000"
2017-03-26,50.77,51.8,49.28,50.52,"106,859,000","4,574,540,000",974.01,1007.96,954.19,966.73,"303,668,000","15,814,800,000"
2017-03-25,53.58,53.58,48.31,51.25,"223,059,000","4,825,700,000",936.54,975.76,903.71,972.78,"435,803,000","15,204,800,000"
2017-03-24,43.64,54.14,43.21,53.11,"297,046,000","3,929,230,000",1038.45,1040.47,934.36,937.52,"491,038,000","16,857,000,000"
2017-03-23,42.57,44.75,41.3,43.68,"100,724,000","3,831,310,000",1050.05,1058.01,1028.93,1038.59,"248,540,000","17,043,400,000"
2017-03-22,43.12,43.52,39.69,42.34,"113,952,000","3,880,120,000",1120.65,1120.65,1014.21,1049.14,"380,841,000","18,187,100,000"
2017-03-21,43.51,44.26,42.37,43.15,"91,265,400","3,913,620,000",1055.36,1122.43,1055.36,1120.54,"337,391,000","17,125,600,000"
2017-03-20,44.83,46.23,42.44,43.39,"154,701,000","4,031,270,000",1037.24,1063.03,1036.68,1054.23,"286,530,000","16,829,800,000"
2017-03-19,35.53,47.0,35.34,44.74,"239,430,000","3,193,600,000",976.73,1069.91,976.73,1036.74,"406,648,000","15,846,000,000"
2017-03-18,46.87,46.87,31.7,34.16,"262,180,000","4,211,830,000",1099.69,1114.07,957.65,973.82,"621,302,000","17,838,700,000"
2017-03-17,45.93,55.11,38.21,46.83,"497,534,000","4,125,480,000",1180.16,1180.16,1099.57,1100.23,"706,599,000","19,141,800,000"
2017-03-16,35.36,47.17,35.36,46.35,"454,418,000","3,174,750,000",1251.33,1257.98,1152.44,1187.81,"638,568,000","20,293,700,000"
2017-03-15,28.65,35.06,28.43,35.06,"170,344,000","2,571,160,000",1240.16,1251.61,1239.75,1249.61,"297,805,000","20,110,400,000"
2017-03-14,28.57,29.93,27.32,28.65,"101,797,000","2,563,700,000",1232.16,1244.81,1220.72,1240.0,"245,306,000","19,978,200,000"
2017-03-13,23.5,30.6,23.5,28.59,"255,488,000","2,108,300,000",1221.78,1237.37,1217.03,1231.92,"380,277,000","19,807,700,000"
2017-03-12,21.46,23.44,21.38,23.44,"74,628,900","1,924,660,000",1176.62,1226.98,1175.36,1221.38,"227,176,000","19,073,300,000"
2017-03-11,19.37,21.59,19.01,21.47,"69,150,100","1,736,630,000",1116.32,1193.83,1116.32,1175.83,"283,320,000","18,093,700,000"
2017-03-10,17.74,19.66,17.68,19.33,"87,506,800","1,589,640,000",1189.36,1270.47,1077.25,1116.72,"563,796,000","19,275,300,000"
2017-03-09,16.64,17.87,16.37,17.75,"31,418,400","1,490,500,000",1150.35,1197.46,1141.23,1188.49,"212,283,000","18,640,900,000"
2017-03-08,18.88,18.88,16.65,16.65,"44,304,600","1,690,760,000",1223.23,1232.16,1148.08,1150.0,"332,603,000","19,819,800,000"
2017-03-07,19.58,19.63,18.64,18.89,"37,972,200","1,752,530,000",1273.21,1275.55,1204.8,1223.54,"291,256,000","20,627,100,000"
2017-03-06,19.28,20.1,19.11,19.61,"32,432,700","1,725,360,000",1267.47,1276.0,1264.6,1272.83,"153,657,000","20,531,900,000"
2017-03-05,18.5,19.42,18.23,19.3,"26,816,300","1,655,030,000",1254.29,1267.29,1238.06,1267.12,"134,127,000","20,316,000,000"
2017-03-04,19.52,20.05,18.62,18.62,"27,341,900","1,745,140,000",1277.43,1279.4,1230.51,1255.15,"183,270,000","20,688,800,000"
2017-03-03,19.04,20.67,18.41,19.46,"95,863,400","1,702,140,000",1250.71,1280.31,1250.71,1274.99,"315,739,000","20,253,700,000"
2017-03-02,17.36,19.35,16.95,19.03,"83,627,100","1,550,750,000",1224.68,1262.13,1215.62,1251.01,"368,275,000","19,829,800,000"
2017-03-01,15.85,17.37,15.56,17.35,"44,927,500","1,415,510,000",1180.04,1222.5,1179.69,1222.5,"229,057,000","19,104,800,000"
2017-02-28,15.45,16.06,15.12,15.82,"65,478,900","1,379,600,000",1180.72,1193.25,1171.82,1179.97,"184,956,000","19,113,600,000"
2017-02-27,14.51,15.68,14.27,15.4,"31,667,000","1,294,770,000",1163.78,1181.98,1163.38,1179.97,"131,570,000","18,837,300,000"
2017-02-26,13.52,14.54,13.4,14.52,"20,307,500","1,206,150,000",1144.27,1167.47,1130.2,1165.2,"116,486,000","18,518,900,000"
2017-02-25,13.06,13.72,12.98,13.55,"18,533,900","1,165,230,000",1170.41,1174.85,1124.59,1143.84,"139,961,000","18,939,500,000"
2017-02-24,13.13,13.23,12.88,13.07,"19,574,400","1,171,110,000",1172.71,1200.39,1131.96,1173.68,"330,759,000","18,974,400,000"
2017-02-23,12.6,13.21,12.56,13.12,"14,522,300","1,122,910,000",1117.27,1176.62,1116.96,1166.72,"189,454,000","18,075,200,000"
2017-02-22,12.69,12.76,12.55,12.6,"10,360,900","1,130,460,000",1114.8,1125.39,1100.55,1117.44,"136,100,000","18,033,400,000"
2017-02-21,12.34,12.77,12.21,12.67,"15,183,300","1,099,330,000",1079.28,1117.25,1076.93,1115.3,"186,869,000","17,456,900,000"
2017-02-20,12.77,12.9,12.43,12.43,"12,994,400","1,136,610,000",1048.69,1080.49,1041.69,1079.98,"109,478,000","16,960,200,000"
2017-02-19,12.82,12.87,12.71,12.76,"7,799,740","1,140,870,000",1054.76,1056.81,1043.46,1047.87,"77,423,300","17,056,600,000"
2017-02-18,12.71,12.83,12.68,12.81,"9,370,010","1,130,750,000",1049.21,1061.1,1046.96,1054.42,"99,073,500","16,964,800,000"
2017-02-17,12.9,12.91,12.66,12.68,"11,636,500","1,147,260,000",1026.12,1053.17,1025.64,1046.21,"136,474,000","16,589,600,000"
2017-02-16,12.92,12.92,12.54,12.9,"38,002,600","1,148,860,000",1007.65,1033.37,1007.65,1027.44,"122,277,000","16,289,100,000"
2017-02-15,13.04,13.04,12.64,12.92,"18,464,700","1,159,000,000",1006.21,1008.84,1001.58,1007.48,"89,759,400","16,264,100,000"
2017-02-14,11.29,13.33,11.29,13.03,"42,911,500","1,002,810,000",991.74,1011.51,986.47,1004.55,"137,946,000","16,028,000,000"
2017-02-13,11.38,11.39,11.17,11.27,"7,216,520","1,011,080,000",998.88,1002.1,976.0,990.64,"100,607,000","16,141,500,000"
2017-02-12,11.35,11.4,11.3,11.4,"6,264,900","1,008,030,000",1003.52,1004.76,996.92,999.18,"67,530,000","16,214,700,000"
2017-02-11,11.29,11.43,11.24,11.35,"7,544,520","1,002,130,000",988.9,1009.29,982.83,1004.45,"102,261,000","15,976,700,000"
2017-02-10,11.04,11.34,10.78,11.28,"11,914,200","979,961,000",995.63,998.9,946.69,988.67,"190,452,000","16,083,600,000"
2017-02-09,11.44,11.6,10.67,11.03,"18,400,300","1,014,280,000",1064.7,1088.99,953.34,994.38,"407,220,000","17,197,100,000"
2017-02-08,11.54,11.63,11.24,11.43,"9,688,630","1,023,170,000",1062.32,1078.97,1037.49,1063.07,"201,855,000","17,156,700,000"
2017-02-07,11.43,11.61,11.41,11.52,"7,629,640","1,012,620,000",1040.14,1061.93,1040.14,1061.35,"146,007,000","16,796,600,000"
2017-02-06,11.35,11.48,11.34,11.39,"5,695,440","1,005,930,000",1028.4,1044.64,1028.16,1038.15,"111,762,000","16,605,400,000"
2017-02-05,11.44,11.49,11.32,11.35,"5,942,960","1,013,400,000",1043.52,1043.63,1022.37,1027.34,"114,208,000","16,847,400,000"
2017-02-04,11.13,11.5,11.13,11.43,"14,139,500","985,277,000",1031.33,1045.9,1015.16,1042.9,"155,064,000","16,648,800,000"
2017-02-03,10.81,11.11,10.76,11.11,"12,897,800","956,944,000",1011.46,1033.87,1008.79,1029.91,"201,278,000","16,326,100,000"
2017-02-02,10.74,10.89,10.55,10.82,"10,172,500","949,793,000",990.0,1013.52,983.22,1011.8,"145,821,000","15,977,800,000"
2017-02-01,10.74,10.85,10.56,10.73,"12,852,200","949,969,000",970.94,989.11,970.74,989.02,"150,110,000","15,667,900,000"
2017-01-31,10.56,10.75,10.54,10.73,"11,648,700","933,975,000",920.96,972.02,920.96,970.4,"164,582,000","14,859,700,000"
2017-01-30,10.49,10.71,10.47,10.57,"8,042,180","927,415,000",920.15,923.05,919.47,920.38,"78,227,300","14,844,900,000"
2017-01-29,10.56,10.57,10.45,10.48,"4,689,950","933,087,000",922.07,923.42,919.15,919.5,"60,851,700","14,874,000,000"
2017-01-28,10.54,10.58,10.43,10.56,"6,580,700","930,688,000",919.81,923.91,919.81,921.59,"68,979,600","14,835,800,000"
2017-01-27,10.58,10.61,10.44,10.54,"7,189,170","934,404,000",918.36,923.22,915.85,919.75,"125,594,000","14,810,400,000"
2017-01-26,10.57,10.67,10.51,10.59,"8,465,020","932,575,000",902.39,919.33,902.22,917.59,"131,958,000","14,551,200,000"
2017-01-25,10.62,10.62,10.48,10.57,"6,751,450","936,769,000",891.92,903.25,891.69,901.54,"120,831,000","14,380,700,000"
2017-01-24,10.73,10.77,10.57,10.63,"8,327,330","946,083,000",910.68,924.14,892.29,892.69,"111,349,000","14,681,400,000"
2017-01-23,10.71,10.84,10.67,10.82,"7,267,210","944,159,000",925.5,928.27,916.74,921.01,"73,588,600","14,918,800,000"
2017-01-22,10.91,10.97,10.58,10.7,"8,678,620","961,463,000",922.21,937.52,897.56,924.67,"116,573,000","14,863,600,000"
2017-01-21,10.6,10.98,10.58,10.91,"11,937,600","933,405,000",895.55,927.37,895.53,921.79,"111,158,000","14,432,000,000"
2017-01-20,10.39,10.76,10.35,10.6,"10,992,800","914,696,000",898.17,899.4,887.01,895.03,"86,728,400","14,472,100,000"
2017-01-19,10.24,10.44,10.18,10.4,"8,347,550","901,484,000",888.34,904.61,884.34,899.07,"105,625,000","14,311,700,000"
2017-01-18,10.3,10.52,9.94,10.23,"10,788,200","906,079,000",909.37,917.5,858.3,886.62,"225,677,000","14,648,900,000"
2017-01-17,9.64,10.61,9.54,10.3,"18,391,900","847,981,000",830.95,910.56,830.8,907.94,"155,095,000","13,383,900,000"
2017-01-16,9.88,9.93,9.58,9.64,"14,937,400","869,126,000",821.78,834.53,820.27,831.53,"82,755,200","13,234,600,000"
2017-01-15,9.83,10.0,9.6,9.9,"14,837,900","864,037,000",818.14,823.31,812.87,821.8,"71,013,600","13,174,300,000"
2017-01-14,9.79,9.89,9.44,9.65,"20,085,800","859,971,000",825.14,835.09,812.46,818.41,"93,063,300","13,285,200,000"
2017-01-13,9.83,9.85,9.51,9.77,"25,066,600","863,241,000",803.74,829.0,780.0,823.98,"168,968,000","12,939,100,000"
2017-01-12,9.72,10.08,9.18,9.86,"30,453,800","853,638,000",775.18,826.25,755.76,804.83,"222,326,000","12,477,600,000"
2017-01-11,10.54,10.66,9.46,9.72,"26,823,500","925,320,000",908.12,919.45,762.76,777.76,"310,929,000","14,615,700,000"
2017-01-10,10.37,10.69,10.29,10.55,"10,879,700","909,897,000",902.44,914.87,901.06,907.68,"115,808,000","14,522,600,000"
2017-01-09,10.31,10.78,10.14,10.33,"25,718,300","904,682,000",913.24,913.69,879.81,902.83,"141,877,000","14,694,900,000"
2017-01-08,9.87,10.39,9.83,10.29,"16,676,600","865,667,000",908.17,942.72,887.25,911.2,"158,715,000","14,611,400,000"
2017-01-07,10.24,10.28,9.59,9.87,"23,153,600","897,636,000",903.49,908.59,823.56,908.59,"279,550,000","14,534,400,000"
2017-01-06,10.29,10.63,9.63,10.25,"29,471,800","901,249,000",1014.24,1046.81,883.94,902.2,"351,876,000","16,314,100,000"
2017-01-05,11.29,11.89,9.4,10.25,"41,557,400","988,599,000",1156.73,1191.1,910.42,1013.38,"510,199,000","18,604,000,000"
2017-01-04,9.71,11.28,9.56,11.25,"41,051,200","850,115,000",1044.4,1159.42,1044.4,1154.73,"344,946,000","16,795,400,000"
2017-01-03,8.37,10.0,8.32,9.73,"33,625,200","732,988,000",1021.6,1044.08,1021.6,1043.84,"185,168,000","16,426,600,000"
2017-01-02,8.17,8.44,8.05,8.38,"14,579,600","714,900,000",998.62,1031.39,996.7,1021.75,"222,185,000","16,055,100,000"
2017-01-01,7.98,8.47,7.98,8.17,"14,731,700","698,149,000",963.66,1003.08,958.7,998.33,"147,775,000","15,491,200,000"
2016-12-31,8.15,8.16,7.91,7.97,"9,066,800","712,662,000",960.63,963.74,947.24,963.74,"99,135,100","15,440,700,000"
2016-12-30,8.29,8.47,8.05,8.16,"13,909,900","724,528,000",972.53,972.53,934.83,961.24,"187,474,000","15,630,200,000"
2016-12-29,7.54,8.53,7.54,8.28,"27,543,800","658,674,000",975.13,979.4,954.5,973.5,"199,320,000","15,670,000,000"
2016-12-28,7.15,7.62,7.08,7.52,"17,453,300","624,359,000",934.83,975.92,934.83,975.92,"236,630,000","15,020,500,000"
2016-12-27,7.28,7.32,7.09,7.17,"8,778,610","635,260,000",908.35,940.05,904.25,933.2,"167,308,000","14,593,300,000"
2016-12-26,7.13,7.33,7.05,7.27,"5,836,810","622,439,000",896.9,913.18,896.9,907.61,"123,771,000","14,407,800,000"
2016-12-25,7.26,7.34,7.14,7.18,"8,671,840","633,792,000",899.65,899.65,862.42,896.18,"143,665,000","14,450,100,000"
2016-12-24,7.15,7.41,7.15,7.27,"7,626,020","623,759,000",922.18,923.48,886.34,898.82,"137,727,000","14,810,300,000"
2016-12-23,7.58,7.69,7.16,7.17,"19,613,100","660,546,000",864.89,925.12,864.68,921.98,"275,564,000","13,888,600,000"
2016-12-22,7.9,7.91,7.5,7.58,"16,376,700","688,380,000",834.18,875.78,834.15,864.54,"200,027,000","13,393,800,000"
2016-12-21,7.66,7.94,7.66,7.91,"9,393,550","667,625,000",800.64,834.28,799.4,834.28,"155,576,000","12,853,700,000"
2016-12-20,7.63,7.75,7.57,7.66,"6,313,550","664,772,000",792.25,801.34,791.5,800.88,"99,629,300","12,717,600,000"
2016-12-19,7.87,7.87,7.63,7.64,"5,894,760","685,054,000",790.69,793.61,790.32,792.71,"74,886,400","12,691,100,000"
2016-12-18,7.86,7.93,7.72,7.87,"5,890,020","684,028,000",791.01,794.74,788.03,790.53,"60,524,400","12,694,800,000"
2016-12-17,7.86,7.9,7.52,7.88,"8,502,620","683,357,000",785.17,792.51,784.86,790.83,"78,989,800","12,599,600,000"
2016-12-16,7.86,7.93,7.8,7.86,"5,178,610","683,399,000",778.96,785.03,778.96,784.91,"83,608,200","12,498,800,000"
2016-12-15,8.24,8.24,7.72,7.83,"13,184,400","715,861,000",780.07,781.43,777.8,778.09,"81,580,100","12,511,700,000"
2016-12-14,8.45,8.52,8.25,8.27,"7,337,220","734,382,000",780.0,782.03,776.84,781.48,"75,979,000","12,512,900,000"
2016-12-13,8.52,8.53,8.35,8.42,"4,486,190","740,099,000",780.65,788.46,777.96,780.56,"81,645,600","12,521,500,000"
2016-12-12,8.19,8.61,8.17,8.52,"9,119,700","711,348,000",770.04,781.92,770.04,780.09,"76,571,000","12,349,800,000"
2016-12-11,8.13,8.27,8.1,8.19,"5,545,500","705,363,000",774.75,774.8,765.41,769.73,"57,313,400","12,423,600,000"
2016-12-10,8.44,8.53,8.02,8.13,"8,108,370","732,173,000",773.02,777.09,772.91,774.65,"53,843,100","12,394,500,000"
2016-12-09,8.17,8.67,8.05,8.45,"12,916,300","708,468,000",769.94,774.53,769.65,772.79,"68,705,300","12,344,000,000"
2016-12-08,8.38,8.86,8.23,8.23,"16,042,700","726,878,000",768.08,774.7,765.95,770.81,"80,111,900","12,312,500,000"
2016-12-07,7.89,8.54,7.33,8.38,"22,229,600","684,258,000",764.21,771.54,759.75,768.13,"96,426,100","12,248,900,000"
2016-12-06,6.8,7.92,5.98,7.87,"50,671,200","589,548,000",758.72,765.62,758.72,764.22,"116,218,000","12,159,400,000"
2016-12-05,7.41,7.64,6.66,6.82,"17,344,500","641,820,000",773.39,773.47,751.71,758.7,"106,363,000","12,393,100,000"
2016-12-04,7.9,7.95,7.44,7.44,"8,450,790","684,258,000",771.64,773.87,768.16,773.87,"60,557,900","12,363,600,000"
2016-12-03,7.77,8.15,7.67,7.92,"12,112,100","672,138,000",778.25,778.25,764.86,771.15,"69,547,300","12,467,800,000"
2016-12-02,8.46,8.46,7.42,7.76,"18,579,800","731,520,000",757.54,781.3,757.54,777.94,"127,605,000","12,134,800,000"
2016-12-01,8.6,8.65,8.36,8.45,"5,882,340","743,882,000",746.05,758.27,746.05,756.77,"80,461,900","11,949,200,000"
2016-11-30,8.16,8.75,8.16,8.59,"10,626,600","705,040,000",736.28,747.93,736.26,745.69,"84,070,800","11,791,600,000"
2016-11-29,8.73,8.74,7.88,8.17,"17,000,400","754,307,000",736.33,737.47,734.56,735.6,"68,511,100","11,790,900,000"
2016-11-28,9.0,9.01,8.72,8.72,"6,046,890","777,311,000",732.48,738.01,732.48,735.81,"61,888,600","11,727,800,000"
2016-11-27,9.31,9.33,8.78,9.0,"8,707,660","804,085,000",735.44,739.02,731.09,732.03,"52,601,800","11,773,800,000"
2016-11-26,9.42,9.5,9.31,9.33,"3,505,990","812,795,000",741.51,742.21,729.63,735.38,"54,962,700","11,869,600,000"
2016-11-25,9.23,9.75,9.21,9.4,"7,669,720","796,268,000",740.44,741.65,734.59,741.65,"67,807,600","11,851,100,000"
2016-11-24,9.85,9.85,8.93,9.23,"15,987,800","849,229,000",744.62,746.83,733.49,740.29,"85,919,300","11,916,500,000"
2016-11-23,9.92,9.96,9.76,9.84,"4,812,310","855,265,000",751.74,752.25,738.92,744.59,"76,543,800","12,029,000,000"
2016-11-22,9.63,10.24,9.59,9.91,"11,284,400","829,616,000",739.64,753.87,736.53,751.35,"129,906,000","11,834,200,000"
2016-11-21,9.58,9.64,9.54,9.62,"3,663,210","825,381,000",731.26,741.72,730.51,739.25,"60,802,400","11,698,900,000"
2016-11-20,9.66,9.71,9.52,9.58,"5,173,420","832,050,000",751.88,755.48,717.94,731.03,"154,116,000","12,027,500,000"
2016-11-19,9.48,9.75,9.48,9.66,"5,186,540","816,380,000",751.83,756.24,744.47,751.62,"110,608,000","12,025,400,000"
2016-11-18,9.99,10.01,9.48,9.48,"10,816,100","859,571,000",740.71,752.88,736.89,751.59,"87,363,100","11,846,000,000"
2016-11-17,10.06,10.19,9.92,9.99,"6,984,700","865,393,000",744.88,755.64,739.51,740.98,"108,579,000","11,911,300,000"
2016-11-16,10.22,10.33,9.93,10.06,"9,533,550","878,610,000",711.17,747.62,709.04,744.2,"141,294,000","11,370,700,000"
2016-11-15,9.97,10.32,9.85,10.22,"6,557,550","857,223,000",705.79,715.72,705.26,711.62,"72,038,500","11,283,400,000"
2016-11-14,10.1,10.16,9.96,9.97,"3,573,250","867,755,000",702.0,706.28,699.81,705.02,"62,993,000","11,214,600,000"
2016-11-13,9.89,10.41,9.84,10.1,"8,227,770","849,342,000",705.2,705.26,687.32,702.03,"80,318,100","11,264,500,000"
2016-11-12,10.29,10.34,9.7,9.88,"10,052,500","883,780,000",716.75,717.15,704.03,705.05,"64,622,500","11,447,700,000"
2016-11-11,10.51,10.57,10.26,10.29,"6,056,300","902,479,000",715.55,718.32,714.41,716.41,"63,119,700","11,427,200,000"
2016-11-10,10.67,10.68,10.51,10.52,"4,253,980","915,940,000",722.84,723.02,711.21,715.53,"68,807,800","11,542,100,000"
2016-11-09,10.82,10.83,10.22,10.66,"14,606,600","928,063,000",709.83,740.05,708.61,723.27,"132,429,000","11,333,000,000"
2016-11-08,10.85,10.92,10.74,10.83,"6,258,150","930,345,000",703.09,712.99,702.39,709.85,"79,660,800","11,224,000,000"
2016-11-07,10.9,10.96,10.78,10.81,"5,992,480","934,536,000",710.74,710.74,699.9,703.13,"65,047,100","11,344,800,000"
2016-11-06,10.99,11.25,10.85,10.87,"5,688,710","941,729,000",703.81,714.26,699.56,711.52,"59,902,200","11,233,000,000"
2016-11-05,11.09,11.24,10.88,11.0,"5,502,670","950,213,000",703.52,707.51,697.74,703.42,"53,752,300","11,227,200,000"
2016-11-04,10.82,11.12,10.82,11.09,"9,958,040","926,129,000",689.12,706.93,685.56,703.24,"99,907,700","10,996,400,000"
2016-11-03,10.8,11.11,10.76,10.8,"15,228,600","924,097,000",742.35,745.77,678.16,688.7,"172,808,000","11,844,300,000"
2016-11-02,10.77,11.16,10.69,10.75,"11,691,700","921,691,000",730.07,740.83,722.35,740.83,"84,865,200","11,647,200,000"
2016-11-01,10.96,11.18,10.3,10.77,"22,901,300","937,123,000",701.34,736.45,701.34,729.79,"130,527,000","11,187,700,000"
2016-10-31,11.23,11.5,10.94,11.0,"13,393,900","960,008,000",702.64,709.29,691.68,700.97,"97,064,400","11,207,200,000"
2016-10-30,10.43,11.45,10.29,11.18,"16,694,900","891,164,000",714.12,714.12,696.48,701.86,"100,665,000","11,388,800,000"
2016-10-29,11.1,11.2,9.56,10.44,"27,070,400","948,271,000",690.29,720.4,690.05,714.48,"134,761,000","11,007,600,000"
2016-10-28,11.47,11.58,10.95,11.09,"13,971,500","979,916,000",688.0,690.44,684.16,689.65,"81,145,500","10,969,800,000"
2016-10-27,11.53,11.61,11.26,11.5,"13,255,400","984,361,000",678.21,688.59,678.04,688.31,"96,105,300","10,812,500,000"
2016-10-26,11.38,11.66,11.38,11.53,"10,221,800","971,440,000",657.68,679.73,657.68,678.3,"88,877,100","10,484,000,000"
2016-10-25,11.97,11.99,11.15,11.41,"19,316,000","1,020,850,000",654.0,664.42,653.7,657.59,"90,378,800","10,424,300,000"
2016-10-24,12.04,12.1,11.91,11.97,"5,739,690","1,026,400,000",657.16,657.25,652.6,653.76,"62,218,200","10,473,500,000"
2016-10-23,12.13,12.14,11.94,12.04,"5,774,660","1,033,970,000",657.62,661.13,653.89,657.07,"54,474,600","10,479,700,000"
2016-10-22,12.18,12.19,11.95,12.07,"7,583,820","1,037,850,000",633.14,658.2,632.85,657.29,"78,556,500","10,088,400,000"
2016-10-21,12.13,12.21,12.02,12.18,"5,676,920","1,033,140,000",630.83,634.09,630.69,632.83,"55,951,000","10,050,300,000"
2016-10-20,12.05,12.29,12.0,12.1,"8,170,760","1,025,620,000",630.66,631.92,628.26,630.86,"56,957,300","10,046,700,000"
2016-10-19,12.59,12.62,11.91,12.02,"10,576,200","1,071,710,000",638.13,638.87,628.01,630.52,"69,381,700","10,164,800,000"
2016-10-18,12.0,12.93,12.0,12.59,"18,864,200","1,020,530,000",639.41,640.74,636.0,637.96,"65,546,700","10,184,000,000"
2016-10-17,11.96,12.03,11.86,12.01,"5,724,440","1,016,710,000",641.82,642.33,638.66,639.19,"58,063,600","10,221,300,000"
2016-10-16,11.98,12.01,11.93,11.95,"3,617,280","1,018,540,000",639.08,642.9,638.9,641.63,"40,298,100","10,176,800,000"
2016-10-15,11.94,12.0,11.78,11.98,"4,991,840","1,014,280,000",640.31,642.1,637.39,638.65,"39,035,400","10,195,200,000"
2016-10-14,11.99,12.07,11.9,11.94,"4,333,510","1,018,390,000",637.01,641.28,637.01,640.38,"58,144,600","10,141,600,000"
2016-10-13,11.91,12.13,11.78,11.96,"8,665,190","1,011,190,000",636.03,638.83,635.03,636.79,"61,620,700","10,125,100,000"
2016-10-12,11.78,12.07,11.71,11.93,"9,694,640","1,000,220,000",640.87,641.34,635.97,636.19,"92,370,200","10,201,000,000"
2016-10-11,11.76,12.16,11.75,11.79,"11,727,700","997,949,000",619.24,642.08,618.5,641.07,"103,590,000","9,855,650,000"
2016-10-10,12.06,12.06,11.62,11.76,"10,809,200","1,022,860,000",616.82,621.32,616.2,618.99,"67,481,100","9,816,270,000"
2016-10-09,12.22,12.36,11.98,12.05,"7,208,480","1,035,590,000",619.17,619.2,616.61,616.75,"39,243,400","9,852,480,000"
2016-10-08,12.67,12.69,12.05,12.22,"11,611,200","1,073,990,000",617.34,619.85,617.34,619.11,"42,345,900","9,822,100,000"
2016-10-07,12.85,12.99,12.53,12.67,"8,933,050","1,088,570,000",612.61,617.91,611.82,617.12,"64,071,400","9,745,740,000"
2016-10-06,13.03,13.14,12.69,12.85,"12,044,800","1,102,940,000",612.47,613.82,611.47,613.02,"56,812,100","9,742,370,000"
2016-10-05,13.28,13.35,13.04,13.04,"9,881,370","1,124,270,000",610.22,613.81,609.62,612.51,"68,077,500","9,705,320,000"
2016-10-04,13.45,13.53,13.21,13.28,"8,348,280","1,137,980,000",612.05,612.05,609.48,610.2,"49,801,600","9,733,330,000"
2016-10-03,13.2,13.49,13.19,13.45,"7,458,320","1,116,600,000",610.97,612.57,610.46,612.13,"46,798,300","9,714,980,000"
2016-10-02,13.18,13.3,13.14,13.2,"4,079,660","1,114,200,000",613.95,614.0,609.68,610.89,"39,249,800","9,761,330,000"
2016-10-01,13.2,13.31,13.05,13.17,"6,331,160","1,115,690,000",609.93,615.24,609.93,613.98,"56,357,000","9,696,280,000"
2016-09-30,13.08,13.34,13.02,13.22,"5,950,840","1,104,530,000",605.72,609.74,604.14,609.74,"56,122,400","9,628,250,000"
2016-09-29,13.28,13.34,13.07,13.07,"5,990,630","1,121,060,000",605.02,606.82,604.85,605.69,"55,658,600","9,616,160,000"
2016-09-28,13.11,13.48,13.08,13.27,"10,239,000","1,106,330,000",606.24,606.59,604.61,604.73,"48,722,600","9,634,530,000"
2016-09-27,12.86,13.21,12.86,13.1,"6,831,070","1,085,330,000",608.02,608.25,604.11,606.17,"49,422,400","9,661,590,000"
2016-09-26,13.17,13.17,12.74,12.82,"7,213,070","1,110,700,000",600.81,608.14,600.35,608.04,"59,153,800","9,545,830,000"
2016-09-25,12.85,13.11,12.8,13.1,"5,283,440","1,083,510,000",602.75,603.38,599.71,600.83,"33,977,800","9,575,360,000"
2016-09-24,13.32,13.34,12.68,12.88,"9,824,880","1,122,670,000",602.96,604.58,602.04,602.63,"35,359,500","9,577,520,000"
2016-09-23,13.21,13.45,13.1,13.33,"9,166,430","1,112,590,000",596.2,603.21,595.79,602.84,"51,067,000","9,469,130,000"
2016-09-22,13.66,13.66,12.48,13.25,"27,382,800","1,150,650,000",597.28,598.49,596.21,596.3,"67,085,300","9,485,280,000"
2016-09-21,14.43,14.43,13.17,13.77,"28,645,000","1,214,950,000",603.59,603.59,595.88,597.15,"82,776,200","9,584,260,000"
2016-09-20,13.21,14.43,13.12,14.43,"31,929,100","1,111,810,000",609.25,609.52,607.94,608.31,"72,710,900","9,673,140,000"
2016-09-19,12.44,13.19,12.42,13.19,"13,838,800","1,045,870,000",609.87,610.93,608.27,609.23,"54,796,400","9,681,960,000"
2016-09-18,12.69,12.99,12.16,12.43,"22,433,300","1,066,620,000",606.28,610.16,605.86,609.87,"48,679,400","9,623,950,000"
2016-09-17,12.56,12.76,12.44,12.7,"7,446,610","1,055,440,000",607.22,607.86,605.19,605.98,"37,140,300","9,637,600,000"
2016-09-16,11.96,12.75,11.9,12.56,"17,421,500","1,004,740,000",607.25,609.26,606.74,606.97,"64,963,400","9,637,020,000"
2016-09-15,11.94,12.14,11.92,11.94,"7,309,090","1,002,970,000",610.59,611.09,607.15,607.15,"59,464,600","9,688,940,000"
2016-09-14,11.9,12.0,11.86,11.92,"5,694,820","999,352,000",608.84,611.95,608.41,610.68,"47,877,700","9,660,080,000"
2016-09-13,11.89,12.09,11.88,11.92,"11,704,300","997,638,000",608.02,611.19,606.92,609.24,"86,920,600","9,645,930,000"
2016-09-12,11.64,11.95,11.61,11.89,"7,478,080","976,645,000",607.0,608.46,605.41,608.24,"72,812,300","9,628,560,000"
2016-09-11,12.21,12.21,11.59,11.64,"8,791,180","1,023,640,000",623.42,628.82,600.51,606.72,"73,610,800","9,887,780,000"
2016-09-10,11.66,12.22,11.54,12.17,"7,220,300","977,515,000",622.93,625.1,622.39,623.51,"45,016,800","9,878,730,000"
2016-09-09,11.41,11.68,11.39,11.65,"6,109,200","956,210,000",626.35,626.83,620.26,622.86,"64,550,200","9,931,980,000"
2016-09-08,11.55,11.7,11.25,11.35,"11,535,000","967,010,000",614.63,628.77,613.84,626.32,"86,713,000","9,745,120,000"
2016-09-07,11.69,11.73,11.52,11.55,"6,115,050","979,087,000",610.57,614.54,608.51,614.54,"75,032,400","9,679,610,000"
2016-09-06,11.73,11.73,11.47,11.69,"6,346,330","981,303,000",606.51,610.83,605.09,610.44,"78,529,100","9,614,140,000"
2016-09-05,11.68,11.81,11.59,11.72,"5,724,100","977,169,000",608.99,609.05,602.24,606.59,"82,446,800","9,652,490,000"
2016-09-04,11.75,11.79,11.47,11.68,"7,220,550","982,952,000",598.59,611.84,596.85,608.63,"97,942,900","9,486,370,000"
2016-09-03,12.11,12.36,11.35,11.76,"13,358,800","1,012,580,000",575.55,599.5,574.06,598.21,"159,014,000","9,120,440,000"
2016-09-02,11.96,12.31,11.88,12.11,"9,368,300","999,757,000",572.41,575.64,570.81,575.54,"79,910,800","9,069,550,000"
2016-09-01,11.67,12.58,11.65,11.99,"24,051,500","974,844,000",575.55,576.31,571.81,572.3,"76,923,400","9,118,280,000"
2016-08-31,11.24,11.68,11.18,11.67,"11,073,700","938,406,000",577.59,577.86,573.64,575.47,"75,840,900","9,149,730,000"
2016-08-30,10.99,11.3,10.96,11.23,"7,221,260","917,474,000",574.11,578.36,574.11,577.5,"70,342,400","9,093,530,000"
2016-08-29,10.92,11.15,10.79,10.98,"8,130,540","910,698,000",574.07,576.28,573.47,574.11,"110,398,000","9,091,830,000"
2016-08-28,11.15,11.15,10.92,10.93,"5,303,040","929,690,000",569.83,574.04,569.74,573.91,"86,301,600","9,023,610,000"
2016-08-27,11.29,11.29,11.14,11.15,"15,108,400","941,585,000",579.45,579.85,568.63,569.95,"59,698,300","9,174,990,000"
2016-08-26,11.35,11.45,11.21,11.3,"5,857,850","946,092,000",577.75,580.62,576.86,579.65,"48,856,800","9,147,170,000"
2016-08-25,11.03,11.39,11.02,11.36,"8,552,380","918,977,000",580.18,580.45,575.17,577.76,"136,130,000","9,184,700,000"
2016-08-24,11.02,11.15,11.01,11.04,"4,423,420","918,039,000",583.41,583.59,579.86,580.18,"56,328,200","9,234,800,000"
2016-08-23,11.14,11.23,10.9,11.03,"6,489,380","927,065,000",586.77,589.47,581.63,583.41,"85,349,200","9,286,930,000"
2016-08-22,11.19,11.34,11.07,11.12,"6,588,920","930,708,000",581.31,588.45,580.59,586.75,"72,844,000","9,199,410,000"
2016-08-21,11.25,11.25,10.99,11.18,"4,355,660","936,015,000",581.94,584.16,580.22,581.31,"38,299,400","9,208,210,000"
2016-08-20,10.75,11.3,10.75,11.25,"7,443,540","893,814,000",576.08,582.82,575.46,581.7,"45,301,400","9,114,500,000"
2016-08-19,10.75,10.8,10.73,10.75,"5,390,850","893,156,000",574.34,578.24,574.18,575.63,"50,631,600","9,085,820,000"
2016-08-18,10.75,11.01,10.74,10.76,"6,935,800","892,903,000",573.71,577.79,573.43,574.32,"59,896,600","9,074,760,000"
2016-08-17,11.13,11.15,10.75,10.75,"8,833,760","924,591,000",577.76,580.89,571.43,573.22,"54,443,000","9,138,030,000"
2016-08-16,11.23,11.24,11.0,11.14,"7,051,510","932,162,000",567.24,581.74,566.72,577.44,"58,405,200","8,970,770,000"
2016-08-15,11.2,11.31,11.0,11.22,"7,500,840","929,558,000",570.49,573.58,563.24,567.24,"57,262,300","9,021,180,000"
2016-08-14,11.58,11.69,11.1,11.19,"8,680,160","960,855,000",585.59,585.67,564.78,570.47,"60,851,100","9,258,730,000"
2016-08-13,11.77,11.79,11.51,11.57,"7,539,490","975,999,000",587.36,589.77,584.98,585.59,"43,563,000","9,285,530,000"
2016-08-12,11.69,12.04,11.64,11.78,"13,690,100","968,865,000",588.8,589.91,583.81,587.56,"69,218,000","9,307,250,000"
2016-08-11,12.14,12.27,11.63,11.69,"17,505,000","1,005,720,000",592.12,597.54,589.12,589.12,"74,514,400","9,358,770,000"
2016-08-10,12.23,12.46,11.98,12.14,"28,096,300","1,012,910,000",587.65,599.98,586.37,592.1,"102,905,000","9,286,960,000"
2016-08-09,11.27,12.45,11.2,12.24,"36,656,600","933,431,000",591.04,591.09,584.79,587.8,"92,228,100","9,339,660,000"
2016-08-08,10.91,11.33,10.86,11.25,"14,956,700","903,184,000",592.74,592.99,588.05,591.05,"61,194,100","9,365,440,000"
2016-08-07,10.86,11.09,10.78,10.91,"16,551,000","898,340,000",587.77,597.51,586.82,592.69,"82,398,400","9,285,940,000"
2016-08-06,10.92,10.94,10.29,10.88,"16,712,600","902,752,000",575.03,588.4,569.47,587.78,"80,797,300","9,083,510,000"
2016-08-05,11.02,11.18,10.76,10.93,"15,487,900","910,856,000",578.28,578.28,569.98,575.04,"66,127,900","9,133,690,000"
2016-08-04,10.31,11.29,10.16,11.04,"38,151,400","851,992,000",566.33,579.5,565.78,578.29,"125,292,000","8,943,870,000"
2016-08-03,8.88,10.42,8.88,10.29,"53,979,400","733,204,000",548.66,573.36,541.55,566.36,"207,982,000","8,663,670,000"
2016-08-02,10.95,11.14,8.2,8.79,"88,803,300","903,978,000",606.4,612.85,531.33,547.47,"330,933,000","9,574,320,000"
2016-08-01,11.89,12.01,10.94,10.94,"23,999,500","981,735,000",624.6,626.12,605.88,606.27,"121,887,000","9,860,620,000"
2016-07-31,12.44,12.51,11.55,11.88,"25,441,400","1,026,310,000",655.1,655.28,624.37,624.68,"110,818,000","10,340,900,000"
2016-07-30,12.8,12.8,12.46,12.46,"9,047,810","1,055,410,000",657.01,658.22,654.21,655.05,"38,456,100","10,370,100,000"
2016-07-29,12.84,12.87,12.55,12.79,"14,082,300","1,058,220,000",655.11,657.8,654.79,656.99,"60,703,500","10,338,900,000"
2016-07-28,12.98,12.99,12.49,12.84,"24,603,900","1,069,560,000",654.49,657.6,654.49,655.03,"86,428,400","10,328,100,000"
2016-07-27,12.05,13.31,11.84,12.97,"58,278,800","992,645,000",651.63,657.46,648.45,654.35,"147,461,000","10,281,900,000"
2016-07-26,13.82,13.85,11.73,11.99,"94,428,800","1,137,660,000",654.23,656.23,645.88,651.78,"225,135,000","10,321,900,000"
2016-07-25,12.74,13.86,12.68,13.84,"36,673,800","1,048,920,000",661.26,661.83,653.39,654.1,"78,176,500","10,431,900,000"
2016-07-24,14.3,14.44,12.32,12.75,"77,750,800","1,176,250,000",655.41,663.11,652.79,661.28,"118,184,000","10,338,600,000"
2016-07-23,14.67,14.9,14.05,14.3,"32,489,700","1,206,190,000",650.73,656.37,648.52,655.56,"69,532,200","10,263,700,000"
2016-07-22,12.66,14.81,12.54,14.66,"74,779,500","1,040,640,000",664.92,666.58,646.72,650.62,"134,169,000","10,486,600,000"
2016-07-21,12.46,12.71,11.99,12.65,"24,636,900","1,024,000,000",665.23,666.22,660.41,665.01,"60,491,800","10,490,300,000"
2016-07-20,11.59,12.99,11.57,12.45,"60,226,100","952,143,000",672.81,672.93,663.36,665.68,"94,636,400","10,608,600,000"
2016-07-19,11.05,12.01,11.01,11.62,"21,730,000","907,135,000",672.74,673.28,667.63,672.86,"61,203,300","10,606,500,000"
2016-07-18,11.17,11.61,10.95,11.03,"15,931,900","917,151,000",679.81,681.55,668.63,673.11,"69,465,000","10,716,800,000"
2016-07-17,11.62,11.67,11.01,11.16,"17,921,600","953,762,000",661.99,682.37,661.99,679.46,"74,407,900","10,434,700,000"
2016-07-16,11.92,11.94,11.59,11.65,"10,445,700","977,658,000",663.78,666.46,659.33,660.77,"50,330,200","10,461,700,000"
2016-07-15,11.5,12.43,11.49,11.95,"26,838,900","942,817,000",659.17,667.08,659.04,663.25,"81,673,100","10,387,900,000"
2016-07-14,10.6,11.68,10.6,11.51,"23,621,900","868,509,000",652.92,662.9,652.92,658.08,"98,511,400","10,288,400,000"
2016-07-13,10.51,10.59,10.4,10.5,"6,715,660","860,770,000",664.8,668.7,654.47,654.47,"131,449,000","10,474,500,000"
2016-07-12,10.45,10.76,10.43,10.52,"11,127,700","855,555,000",648.28,675.26,646.78,664.55,"138,173,000","10,213,100,000"
2016-07-11,10.94,11.01,10.26,10.46,"13,098,000","895,670,000",648.48,659.63,644.98,647.66,"107,910,000","10,215,200,000"
2016-07-10,10.96,11.01,10.78,10.95,"5,479,240","896,899,000",650.6,652.29,641.26,649.36,"102,532,000","10,247,300,000"
2016-07-09,11.42,11.46,10.73,10.97,"17,254,800","933,946,000",666.38,666.38,633.4,650.96,"180,536,000","10,493,800,000"
2016-07-08,10.12,11.52,9.96,11.39,"20,039,800","827,090,000",640.69,666.71,636.47,666.52,"141,970,000","10,086,900,000"
2016-07-07,10.54,10.57,9.8,10.11,"15,407,200","861,144,000",678.09,682.43,611.83,640.56,"258,091,000","10,673,400,000"
2016-07-06,10.58,11.11,10.28,10.53,"18,137,300","864,063,000",670.42,681.9,670.42,677.33,"134,961,000","10,550,300,000"
2016-07-05,11.46,11.52,9.58,10.61,"45,526,900","935,730,000",683.21,683.49,665.07,670.63,"130,476,000","10,749,100,000"
2016-07-04,11.7,11.88,11.39,11.47,"12,943,500","954,849,000",658.8,683.66,650.51,683.66,"92,008,400","10,362,700,000"
2016-07-03,12.12,12.15,11.59,11.72,"10,588,700","989,132,000",704.97,704.97,649.01,658.66,"129,512,000","11,086,100,000"
2016-07-02,12.22,12.22,11.95,12.13,"8,987,070","996,510,000",676.73,703.7,676.4,703.7,"112,354,000","10,639,600,000"
2016-07-01,12.44,12.49,11.73,12.2,"17,236,500","1,014,220,000",672.51,686.15,669.59,676.3,"134,431,000","10,570,600,000"
2016-06-30,12.6,12.74,12.25,12.46,"15,801,300","1,027,260,000",640.59,675.4,636.61,673.34,"138,980,000","10,066,400,000"
2016-06-29,12.17,13.04,11.69,12.61,"26,982,800","991,926,000",644.12,644.68,628.28,639.89,"142,456,000","10,119,600,000"
2016-06-28,13.93,13.98,11.72,12.18,"43,436,600","1,134,340,000",658.1,659.25,637.77,647.0,"138,385,000","10,336,800,000"
2016-06-27,13.81,14.12,13.75,13.88,"10,994,700","1,124,170,000",629.35,655.27,620.52,655.27,"122,134,000","9,882,840,000"
2016-06-26,14.26,14.37,13.66,13.85,"14,747,600","1,160,590,000",665.93,665.98,616.93,629.37,"109,225,000","10,454,900,000"
2016-06-25,14.3,14.58,14.02,14.28,"15,383,100","1,163,530,000",665.28,691.73,646.56,665.12,"126,656,000","10,442,000,000"
2016-06-24,13.68,14.57,13.22,14.33,"33,332,900","1,112,590,000",625.58,681.73,625.27,665.3,"224,317,000","9,816,730,000"
2016-06-23,13.22,13.79,12.56,13.68,"30,806,400","1,074,240,000",597.44,629.33,558.14,623.98,"253,462,000","9,373,190,000"
2016-06-22,13.2,15.79,13.1,13.1,"96,994,100","1,072,510,000",665.91,678.67,587.48,596.12,"266,393,000","10,445,300,000"
2016-06-21,11.82,13.42,11.29,13.31,"69,245,600","960,014,000",735.88,735.88,639.07,666.65,"309,944,000","11,540,000,000"
2016-06-20,12.24,12.45,10.52,11.84,"58,143,600","993,503,000",763.93,764.08,732.73,737.23,"174,511,000","11,976,700,000"
2016-06-19,11.17,13.18,10.64,12.23,"69,783,600","906,292,000",756.69,766.62,745.63,763.78,"136,185,000","11,859,800,000"
2016-06-18,15.38,15.38,9.96,11.33,"133,937,000","1,247,530,000",748.76,777.99,733.93,756.23,"252,718,000","11,732,600,000"
2016-06-17,20.65,21.52,13.57,15.38,"199,408,000","1,674,540,000",768.49,775.36,716.56,748.91,"363,321,000","12,038,900,000"
2016-06-16,18.36,20.83,18.36,20.59,"38,531,000","1,488,420,000",696.52,773.72,696.52,766.31,"271,634,000","10,908,900,000"
2016-06-15,18.91,18.91,17.71,18.35,"19,393,400","1,531,790,000",685.68,696.3,672.56,694.47,"99,223,800","10,736,600,000"
2016-06-14,17.61,19.27,17.3,18.89,"64,412,200","1,426,500,000",704.5,704.5,662.8,685.56,"186,694,000","11,028,900,000"
2016-06-13,15.77,17.64,15.72,17.6,"38,023,400","1,276,930,000",671.65,716.0,664.49,704.38,"243,295,000","10,511,900,000"
2016-06-12,14.19,15.9,14.19,15.74,"38,210,300","1,148,070,000",609.68,684.84,607.04,672.78,"277,085,000","9,539,850,000"
2016-06-11,13.91,14.19,13.72,14.19,"12,176,500","1,125,180,000",578.67,607.12,578.67,606.73,"82,357,000","9,052,360,000"
2016-06-10,14.38,14.43,13.82,13.91,"11,312,900","1,162,500,000",575.84,579.13,573.33,577.47,"66,991,900","9,005,920,000"
2016-06-09,14.43,14.57,14.34,14.4,"8,256,830","1,166,450,000",582.2,582.2,570.95,574.63,"71,301,000","9,103,080,000"
2016-06-08,14.51,14.78,14.28,14.42,"16,941,800","1,172,230,000",577.17,582.84,573.13,581.64,"80,265,800","9,022,250,000"
2016-06-07,13.95,14.51,13.81,14.51,"21,421,600","1,126,330,000",585.45,590.26,567.51,576.6,"107,770,000","9,149,580,000"
2016-06-06,14.0,14.06,13.73,13.93,"8,720,400","1,130,350,000",574.6,586.47,574.6,585.54,"72,138,900","8,977,700,000"
2016-06-05,13.76,14.07,13.57,13.97,"11,088,400","1,110,690,000",573.31,582.81,569.18,574.98,"68,874,100","8,955,060,000"
2016-06-04,13.86,13.95,13.42,13.74,"15,792,400","1,118,460,000",569.71,590.13,564.24,572.73,"94,925,300","8,897,080,000"
2016-06-03,13.74,13.87,13.25,13.85,"22,981,500","1,108,220,000",537.68,574.64,536.92,569.19,"122,020,000","8,395,070,000"
2016-06-02,13.99,14.05,13.63,13.74,"10,477,200","1,127,830,000",536.51,540.35,533.08,537.97,"60,378,200","8,375,000,000"
2016-06-01,14.11,14.32,13.44,14.0,"22,471,300","1,136,900,000",531.11,543.08,525.64,536.92,"86,061,800","8,288,680,000"
2016-05-31,12.74,14.27,12.64,14.08,"42,433,400","1,026,410,000",534.19,546.62,520.66,531.39,"138,450,000","8,335,100,000"
2016-05-30,12.33,12.88,12.27,12.73,"14,733,800","992,329,000",528.47,544.35,522.96,533.86,"87,958,700","8,243,960,000"
2016-05-29,12.11,12.69,11.78,12.35,"28,598,400","974,784,000",527.48,553.96,512.18,526.23,"148,737,000","8,226,500,000"
2016-05-28,11.33,12.36,10.37,11.89,"47,274,800","911,724,000",473.03,533.47,472.7,530.04,"181,199,000","7,375,780,000"
2016-05-27,12.39,12.39,10.5,11.3,"57,496,400","996,293,000",453.52,478.15,453.52,473.46,"164,781,000","7,070,010,000"
2016-05-26,12.52,12.99,12.06,12.43,"20,764,000","1,006,080,000",449.67,453.64,447.9,453.38,"65,203,800","7,008,500,000"
2016-05-25,12.79,12.9,11.77,12.53,"27,444,700","1,027,940,000",446.06,450.3,446.06,449.6,"65,231,000","6,950,690,000"
2016-05-24,13.31,13.77,12.01,12.73,"41,560,600","1,068,670,000",444.29,447.1,443.93,445.98,"65,783,100","6,921,460,000"
2016-05-23,14.28,14.49,13.19,13.46,"23,842,800","1,146,470,000",439.35,444.35,438.82,444.15,"50,582,500","6,842,470,000"
2016-05-22,14.04,14.35,13.77,14.29,"17,938,900","1,126,810,000",443.22,443.43,439.04,439.32,"39,657,600","6,900,700,000"
2016-05-21,13.69,14.05,13.12,14.02,"24,648,400","1,098,220,000",442.97,443.78,441.71,443.19,"42,762,300","6,895,230,000"
2016-05-20,14.85,15.05,13.38,13.64,"50,544,100","1,191,080,000",437.79,444.05,437.39,442.68,"81,987,900","6,813,080,000"
2016-05-19,13.54,14.87,13.34,14.77,"53,757,500","1,085,570,000",454.52,454.63,438.71,438.71,"96,027,400","7,072,090,000"
2016-05-18,12.18,14.26,12.18,13.56,"65,389,900","975,878,000",453.69,456.0,453.3,454.62,"86,850,100","7,057,390,000"
2016-05-17,11.19,12.49,11.15,12.2,"37,198,700","896,505,000",454.01,455.07,453.61,453.78,"64,100,300","7,060,730,000"
2016-05-16,9.97,11.44,9.97,11.17,"29,079,900","798,116,000",457.59,458.2,452.94,454.16,"59,171,500","7,114,740,000"
2016-05-15,10.24,10.44,9.93,9.96,"9,218,400","819,399,000",455.76,458.69,455.46,457.57,"28,514,000","7,084,760,000"
2016-05-14,10.51,10.62,9.81,10.24,"18,808,000","840,395,000",455.82,456.84,454.79,455.67,"37,209,000","7,084,100,000"
2016-05-13,10.06,11.05,10.02,10.51,"31,276,900","804,647,000",454.85,457.06,453.45,455.67,"60,845,000","7,067,270,000"
2016-05-12,10.0,10.51,9.86,10.06,"24,137,700","798,952,000",452.45,454.95,449.25,454.77,"59,849,300","7,028,330,000"
2016-05-11,9.43,10.01,9.39,10.0,"15,267,500","753,600,000",450.86,454.58,450.86,452.73,"50,605,200","7,002,230,000"
2016-05-10,9.28,9.48,9.26,9.36,"9,321,790","741,417,000",460.52,461.93,448.95,450.89,"58,956,100","7,150,370,000"
2016-05-09,9.49,9.64,9.2,9.3,"13,085,300","758,000,000",458.21,462.48,456.53,460.48,"55,493,100","7,112,510,000"
2016-05-08,9.37,9.6,8.93,9.48,"15,031,000","748,030,000",458.43,459.42,455.98,458.55,"40,315,000","7,114,060,000"
2016-05-07,9.32,9.48,9.21,9.37,"10,806,500","743,166,000",459.64,460.68,457.32,458.54,"38,364,500","7,131,120,000"
2016-05-06,9.81,9.95,9.04,9.35,"21,510,600","782,261,000",447.94,461.38,447.07,459.6,"72,796,800","6,947,800,000"
2016-05-05,9.4,10.05,9.29,9.83,"18,296,200","749,038,000",446.71,448.51,445.88,447.98,"50,440,800","6,926,990,000"
2016-05-04,9.38,10.03,9.27,9.41,"17,622,400","747,638,000",450.18,450.38,445.63,446.72,"50,407,300","6,978,950,000"
2016-05-03,10.17,10.17,9.28,9.31,"21,463,900","809,644,000",444.73,451.1,442.62,450.3,"59,366,400","6,892,690,000"
2016-05-02,8.89,10.32,8.85,10.16,"41,019,200","708,137,000",451.93,452.44,441.78,444.67,"92,127,000","7,002,610,000"
2016-05-01,8.78,9.01,8.43,8.85,"16,713,800","698,377,000",448.48,452.48,447.93,451.88,"40,660,100","6,947,430,000"
2016-04-30,7.45,9.37,7.45,8.81,"36,573,300","592,992,000",455.18,455.59,447.7,448.32,"69,322,600","7,049,460,000"
2016-04-29,7.21,7.73,7.17,7.46,"8,762,080","573,124,000",449.41,455.38,446.02,455.1,"49,258,500","6,958,330,000"
2016-04-28,7.74,7.91,7.17,7.17,"11,576,000","615,316,000",445.04,449.55,436.65,449.01,"74,064,700","6,889,170,000"
2016-04-27,7.39,7.97,7.32,7.76,"19,254,500","587,076,000",466.26,467.08,444.13,444.69,"93,564,900","7,216,190,000"
2016-04-26,7.53,7.55,7.06,7.4,"17,667,300","597,819,000",461.65,467.96,461.62,466.09,"78,971,900","7,143,060,000"
2016-04-25,8.01,8.09,7.24,7.55,"18,239,900","635,784,000",459.12,466.62,453.59,461.43,"87,091,800","7,102,490,000"
2016-04-24,8.29,8.47,7.96,8.0,"10,786,400","658,203,000",450.56,460.15,448.93,458.56,"68,198,400","6,968,570,000"
2016-04-23,7.79,8.55,7.74,8.29,"14,565,200","618,147,000",445.86,450.28,444.33,450.28,"50,485,400","6,894,280,000"
2016-04-22,8.15,8.27,7.67,7.82,"13,309,300","646,298,000",449.69,449.81,444.15,445.74,"58,804,400","6,951,860,000"
2016-04-21,8.45,8.72,7.96,8.1,"13,355,400","670,104,000",441.42,450.55,440.95,449.43,"68,204,700","6,822,320,000"
2016-04-20,8.69,8.83,8.31,8.47,"15,634,700","688,434,000",435.32,443.05,434.41,441.39,"72,890,100","6,726,370,000"
2016-04-19,9.08,9.31,8.6,8.71,"12,899,100","718,825,000",428.7,436.02,428.1,435.51,"52,810,500","6,622,450,000"
2016-04-18,9.33,9.51,8.5,9.04,"21,084,100","738,916,000",427.61,429.27,427.09,428.59,"55,670,900","6,604,150,000"
2016-04-17,8.62,9.7,8.56,9.31,"24,619,600","682,467,000",430.64,431.37,426.08,427.4,"52,125,900","6,649,170,000"
2016-04-16,8.24,8.65,8.11,8.61,"9,888,460","651,554,000",429.57,432.63,428.98,430.57,"39,392,800","6,631,310,000"
2016-04-15,8.39,8.62,8.1,8.24,"12,179,000","663,169,000",424.43,429.93,424.43,429.71,"54,801,500","6,550,350,000"
2016-04-14,8.08,8.76,8.02,8.39,"13,590,700","638,330,000",423.94,425.37,423.01,424.28,"45,281,000","6,541,030,000"
2016-04-13,7.44,8.72,7.07,8.04,"31,403,300","587,994,000",425.63,426.66,422.92,423.73,"69,060,400","6,565,470,000"
2016-04-12,8.64,8.64,7.15,7.44,"23,190,100","682,395,000",422.84,427.28,422.84,425.19,"70,728,800","6,520,870,000"
2016-04-11,8.94,8.95,8.0,8.64,"15,138,100","706,074,000",421.87,422.74,420.53,422.48,"50,747,500","6,504,290,000"
2016-04-10,9.15,9.22,7.46,8.94,"42,613,400","722,133,000",419.59,422.44,419.26,421.56,"73,478,600","6,467,330,000"
2016-04-09,9.69,10.09,9.07,9.15,"16,194,800","764,797,000",420.81,420.89,416.51,419.41,"49,792,700","6,484,410,000"
2016-04-08,10.08,10.39,9.66,9.72,"14,660,600","794,705,000",422.91,425.36,419.63,420.35,"63,454,700","6,515,190,000"
2016-04-07,10.7,10.81,9.95,10.07,"13,464,500","843,091,000",423.62,423.66,420.52,422.75,"57,858,600","6,524,680,000"
2016-04-06,10.45,10.97,10.28,10.69,"16,997,100","823,420,000",424.28,424.53,422.73,423.41,"59,091,000","6,533,260,000"
2016-04-05,11.21,11.21,10.13,10.44,"20,557,300","883,170,000",421.02,424.26,420.61,424.03,"60,718,000","6,481,350,000"
2016-04-04,11.62,11.62,11.02,11.16,"9,599,070","914,560,000",421.3,422.34,419.6,421.44,"50,634,300","6,483,910,000"
2016-04-03,11.63,11.71,11.51,11.62,"5,580,550","915,175,000",421.17,421.58,419.7,420.9,"38,053,700","6,480,470,000"
2016-04-02,11.63,11.69,11.4,11.6,"8,682,620","914,995,000",418.42,422.08,418.42,420.87,"45,681,200","6,436,700,000"
2016-04-01,11.4,11.85,11.4,11.66,"11,373,100","896,537,000",416.76,418.17,415.83,417.96,"51,235,700","6,409,540,000"
2016-03-31,11.92,12.01,11.32,11.4,"14,966,700","936,992,000",415.26,418.37,415.26,416.73,"60,215,200","6,385,140,000"
2016-03-30,11.61,12.18,11.47,11.95,"19,351,200","911,902,000",416.83,416.83,412.5,414.82,"66,034,100","6,407,840,000"
2016-03-29,11.75,11.91,11.35,11.66,"17,684,200","923,114,000",424.3,426.2,412.68,416.52,"75,411,500","6,521,010,000"
2016-03-28,10.43,11.86,10.41,11.67,"23,188,300","819,007,000",426.55,426.86,423.29,424.23,"68,522,800","6,553,700,000"
2016-03-27,10.99,11.05,10.11,10.42,"16,744,800","862,211,000",418.14,428.8,417.71,426.76,"71,229,400","6,423,040,000"
2016-03-26,10.77,11.18,10.59,10.97,"9,425,480","844,742,000",417.37,418.99,416.26,417.94,"44,650,400","6,409,500,000"
2016-03-25,11.26,11.37,10.53,10.74,"13,782,000","883,012,000",416.51,418.08,415.56,417.18,"52,560,000","6,394,850,000"
2016-03-24,12.44,12.5,10.8,11.23,"26,081,800","975,295,000",418.42,418.68,415.49,416.39,"68,346,700","6,422,730,000"
2016-03-23,11.33,12.43,11.24,12.42,"19,353,200","887,595,000",418.16,419.27,417.36,418.04,"61,444,200","6,417,130,000"
2016-03-22,11.88,12.03,11.18,11.27,"19,730,300","929,610,000",413.13,418.38,412.53,418.09,"66,813,300","6,338,430,000"
2016-03-21,10.3,12.01,10.16,11.86,"28,572,600","805,997,000",413.42,413.42,410.38,413.31,"61,655,400","6,341,380,000"
2016-03-20,10.52,10.9,9.57,10.32,"17,651,100","822,297,000",410.4,414.63,410.4,413.75,"45,947,900","6,293,610,000"
2016-03-19,11.2,11.2,9.78,10.53,"26,735,700","875,689,000",409.26,410.98,407.23,410.44,"58,423,000","6,274,790,000"
2016-03-18,11.11,11.18,8.52,11.0,"53,956,800","867,949,000",420.55,420.55,406.14,409.55,"104,940,000","6,446,330,000"
2016-03-17,12.56,12.64,10.44,11.08,"41,650,600","977,389,000",417.89,421.0,417.89,420.62,"83,528,600","6,404,130,000"
2016-03-16,13.02,13.73,12.5,12.52,"24,335,500","1,013,020,000",416.89,417.69,415.91,417.01,"65,185,800","6,387,190,000"
2016-03-15,13.0,13.2,12.05,13.01,"28,404,500","1,011,090,000",416.39,418.13,414.99,416.83,"66,781,700","6,377,870,000"
2016-03-14,14.51,15.01,11.58,12.45,"58,385,100","1,128,180,000",414.2,416.68,414.2,416.44,"95,259,400","6,342,780,000"
2016-03-13,13.51,15.26,13.47,14.47,"43,915,100","1,049,930,000",411.65,416.6,411.64,414.06,"74,322,800","6,302,330,000"
2016-03-12,11.13,13.53,11.09,13.53,"48,957,300","864,733,000",421.61,421.8,410.09,411.62,"92,712,900","6,453,260,000"
2016-03-11,11.22,11.6,10.39,11.08,"21,002,700","871,511,000",417.24,423.93,417.01,421.69,"73,969,700","6,384,740,000"
2016-03-10,11.88,12.24,10.99,11.3,"26,851,500","922,452,000",414.74,417.51,413.25,417.13,"81,022,900","6,344,960,000"
2016-03-09,9.79,12.05,9.67,11.9,"27,540,500","760,017,000",413.89,416.03,411.61,414.86,"70,012,300","6,330,230,000"
2016-03-08,9.58,10.17,8.82,9.85,"25,524,300","743,456,000",414.46,416.24,411.09,413.97,"70,311,700","6,337,370,000"
2016-03-07,11.43,11.65,9.31,9.55,"34,085,100","886,447,000",407.76,415.92,406.31,414.32,"85,762,400","6,233,430,000"
2016-03-06,11.2,11.84,9.99,11.38,"39,112,000","868,736,000",400.52,411.91,395.78,407.71,"91,212,500","6,121,400,000"
2016-03-05,10.37,12.27,9.97,11.0,"56,439,600","803,827,000",410.78,411.26,394.04,400.57,"135,385,000","6,276,610,000"
2016-03-04,9.24,10.41,8.48,10.41,"35,520,100","716,027,000",421.84,425.18,410.94,410.94,"90,856,100","6,443,890,000"
2016-03-03,8.44,10.1,8.33,9.29,"40,314,900","653,959,000",423.91,425.37,419.41,421.65,"100,484,000","6,474,150,000"
2016-03-02,7.63,8.75,7.37,8.47,"29,130,200","591,078,000",435.13,435.92,423.99,423.99,"74,955,300","6,643,810,000"
2016-03-01,6.32,7.91,6.31,7.65,"23,098,100","489,188,000",437.92,439.65,432.32,435.12,"74,895,800","6,684,800,000"
2016-02-29,6.46,6.61,6.05,6.34,"7,648,020","499,587,000",433.44,441.51,431.69,437.7,"60,694,700","6,614,980,000"
2016-02-28,6.41,6.62,6.24,6.47,"9,851,660","495,545,000",432.57,435.68,423.82,433.5,"53,033,400","6,600,310,000"
2016-02-27,5.96,6.53,5.92,6.43,"8,903,210","461,169,000",432.84,434.23,428.1,432.52,"41,893,600","6,602,810,000"
2016-02-26,6.04,6.27,5.74,5.92,"9,526,860","466,797,000",424.63,432.15,421.62,432.15,"61,486,000","6,476,080,000"
2016-02-25,6.19,6.65,5.55,6.1,"21,471,800","478,149,000",425.04,427.72,420.42,424.54,"70,798,000","6,480,650,000"
2016-02-24,5.6,6.24,5.51,6.24,"11,426,500","432,977,000",420.96,425.55,413.91,424.95,"67,743,700","6,417,190,000"
2016-02-23,5.68,5.95,5.39,5.59,"13,380,600","439,084,000",438.25,439.86,417.82,420.74,"85,244,900","6,679,400,000"
2016-02-22,4.66,5.65,4.64,5.62,"15,056,200","360,185,000",438.99,439.05,432.92,437.75,"85,385,200","6,689,200,000"
2016-02-21,4.36,4.71,4.23,4.65,"6,413,550","336,572,000",437.77,448.05,429.08,438.8,"89,820,700","6,669,260,000"
2016-02-20,4.68,4.75,4.13,4.34,"8,631,090","361,281,000",421.6,441.98,421.6,437.16,"93,992,100","6,421,310,000"
2016-02-19,4.38,4.79,4.27,4.74,"7,666,320","338,222,000",422.73,423.1,417.6,420.79,"55,711,300","6,436,980,000"
2016-02-18,3.77,4.77,3.42,4.4,"17,054,000","291,068,000",416.57,426.0,415.64,422.37,"76,752,600","6,341,430,000"
2016-02-17,4.29,4.77,3.5,3.76,"15,451,000","330,635,000",407.66,421.17,406.78,416.32,"83,193,600","6,204,150,000"
2016-02-16,5.33,5.47,4.03,4.32,"15,889,100","410,605,000",401.43,408.94,401.43,407.49,"73,093,100","6,108,040,000"
2016-02-15,5.33,5.89,5.02,5.29,"13,934,200","410,643,000",407.57,410.38,397.75,400.19,"74,070,500","6,199,850,000"
2016-02-14,5.4,5.47,4.45,5.24,"11,226,500","416,193,000",392.93,407.23,392.93,407.23,"74,469,800","5,975,580,000"
2016-02-13,5.69,5.72,4.19,5.39,"24,218,800","437,667,000",384.64,391.86,384.64,391.86,"61,911,700","5,847,990,000"
2016-02-12,5.95,6.58,5.07,5.55,"23,360,800","457,618,000",379.69,384.95,379.6,384.26,"67,042,800","5,771,040,000"
2016-02-11,4.5,6.29,4.34,6.01,"26,408,200","345,964,000",382.11,383.13,376.4,379.65,"74,375,600","5,806,110,000"
2016-02-10,4.0,4.86,3.78,4.44,"28,640,400","307,684,000",376.15,385.48,375.78,381.65,"85,130,900","5,713,880,000"
2016-02-09,3.17,4.04,3.17,4.04,"17,954,000","244,110,000",373.42,377.25,372.9,376.03,"55,318,500","5,670,880,000"
2016-02-08,2.97,3.27,2.88,3.18,"9,725,690","228,504,000",376.76,379.88,373.33,373.45,"47,671,100","5,720,100,000"
2016-02-07,2.54,3.06,2.54,2.96,"7,007,060","194,884,000",376.51,380.87,374.9,376.62,"37,076,300","5,714,760,000"
2016-02-06,2.53,2.56,2.47,2.53,"1,921,240","194,621,000",386.59,386.63,372.39,376.52,"49,249,300","5,865,740,000"
2016-02-05,2.57,2.61,2.47,2.54,"2,636,700","197,363,000",388.9,391.09,385.57,386.55,"43,825,000","5,898,960,000"
2016-02-04,2.53,2.63,2.44,2.58,"3,552,320","194,126,000",370.17,391.61,369.99,389.59,"69,285,500","5,613,380,000"
2016-02-03,2.43,2.54,2.34,2.53,"3,987,750","186,609,000",374.65,374.95,368.05,369.95,"45,933,400","5,679,530,000"
2016-02-02,2.22,2.45,2.16,2.44,"3,451,270","169,923,000",372.92,375.88,372.92,374.45,"40,378,700","5,651,690,000"
2016-02-01,2.32,2.32,2.12,2.21,"3,994,100","177,881,000",369.35,378.07,367.96,373.06,"51,656,700","5,596,090,000"
2016-01-31,2.44,2.53,2.19,2.31,"5,847,500","187,289,000",378.29,380.35,367.83,368.77,"37,894,300","5,729,870,000"
2016-01-30,2.51,2.61,2.4,2.45,"3,725,080","192,176,000",378.87,380.92,376.49,378.25,"30,284,400","5,736,760,000"
2016-01-29,2.54,2.61,2.3,2.49,"6,662,340","194,815,000",380.11,384.38,365.45,379.47,"86,125,300","5,753,970,000"
2016-01-28,2.41,2.68,2.34,2.53,"4,903,850","184,294,000",395.15,395.5,379.74,380.29,"59,247,900","5,980,180,000"
2016-01-27,2.25,2.59,2.19,2.39,"6,961,080","172,061,000",392.44,396.84,391.78,394.97,"47,424,400","5,937,780,000"
2016-01-26,2.53,2.84,1.99,2.28,"13,939,200","193,838,000",392.0,397.77,390.57,392.15,"58,147,000","5,929,520,000"
2016-01-25,2.15,2.66,2.06,2.5,"10,739,300","164,313,000",402.32,402.32,388.55,391.73,"59,062,400","6,083,900,000"
2016-01-24,1.9,2.3,1.9,2.14,"9,669,770","145,358,000",388.1,405.49,387.51,402.97,"54,824,800","5,867,300,000"
2016-01-23,1.5,2.03,1.5,1.97,"7,370,980","115,002,000",382.43,394.54,381.98,387.49,"56,247,400","5,779,890,000"
2016-01-22,1.55,1.58,1.47,1.5,"1,567,240","118,244,000",409.75,410.41,375.28,382.49,"91,546,600","6,190,940,000"
2016-01-21,1.53,1.59,1.49,1.55,"1,614,960","117,111,000",419.63,422.88,406.3,410.26,"68,338,000","6,338,800,000"
2016-01-20,1.36,1.62,1.35,1.53,"2,933,220","104,124,000",379.74,425.27,376.6,420.23,"121,720,000","5,734,760,000"
2016-01-19,1.42,1.46,1.31,1.37,"2,446,740","108,628,000",387.03,387.73,378.97,380.15,"46,819,800","5,843,510,000"
2016-01-18,1.33,1.54,1.32,1.43,"4,278,930","101,699,000",381.73,388.1,376.67,387.17,"54,403,900","5,761,940,000"
2016-01-17,1.22,1.33,1.21,1.33,"1,171,150","93,207,300",387.15,390.96,380.09,382.3,"45,319,600","5,842,270,000"
2016-01-16,1.22,1.31,1.17,1.22,"2,462,630","93,099,400",365.07,390.56,354.91,387.54,"120,352,000","5,507,790,000"
2016-01-15,1.18,1.32,1.14,1.21,"3,910,550","90,321,700",430.25,430.25,364.33,364.33,"153,351,000","6,489,870,000"
2016-01-14,1.12,1.19,1.1,1.19,"751,961","85,539,300",432.29,433.32,427.85,430.31,"43,945,500","6,519,110,000"
2016-01-13,1.14,1.15,1.08,1.13,"1,005,910","86,530,000",434.67,435.19,424.44,432.37,"173,888,000","6,553,350,000"
2016-01-12,1.07,1.28,1.05,1.14,"2,898,760","81,217,300",448.18,448.18,435.69,435.69,"115,607,000","6,755,220,000"
2016-01-11,0.999216,1.07,0.999216,1.06,"1,011,920","76,096,500",448.7,450.66,443.86,448.43,"40,450,000","6,761,090,000"
2016-01-10,0.985557,1.0,0.975099,0.999231,"390,888","75,031,200",448.24,448.31,440.35,447.99,"35,995,900","6,752,210,000"
2016-01-09,0.985501,0.992345,0.9736,0.986833,"226,281","75,001,800",453.38,454.64,446.89,447.61,"32,278,000","6,828,000,000"
2016-01-08,0.942752,0.991825,0.939715,0.986789,"545,600","71,724,000",457.54,462.93,447.94,453.23,"56,993,000","6,888,600,000"
2016-01-07,0.955801,0.974623,0.93583,0.942005,"647,462","72,692,900",430.01,458.77,429.08,458.05,"87,562,200","6,472,580,000"
2016-01-06,0.950028,0.960659,0.935708,0.95086,"308,791","72,229,700",431.86,431.86,426.34,429.11,"34,042,500","6,498,830,000"
2016-01-05,0.953147,0.970597,0.946543,0.950176,"219,833","72,442,400",433.07,434.18,429.68,431.96,"34,522,600","6,515,380,000"
2016-01-04,0.972045,0.976438,0.929835,0.95448,"346,245","73,853,900",430.06,434.52,429.08,433.09,"38,477,500","6,468,180,000"
2016-01-03,0.93843,0.991362,0.934313,0.971905,"407,632","71,275,900",433.58,433.74,424.71,430.01,"39,633,800","6,519,500,000"
2016-01-02,0.947401,0.969637,0.93656,0.937124,"255,504","71,933,100",434.62,436.06,431.87,433.44,"30,096,600","6,533,630,000"
2016-01-01,0.933712,0.954822,0.931442,0.948024,"206,062","70,870,900",430.72,436.25,427.51,434.33,"36,278,900","6,473,530,000"
2015-12-31,0.912098,0.975414,0.910277,0.933542,"663,994","69,207,400",425.88,432.92,418.74,430.57,"45,996,600","6,399,190,000"
2015-12-30,0.874258,0.941099,0.866647,0.911958,"604,078","66,314,200",433.3,434.39,422.08,426.62,"46,889,400","6,508,960,000"
2015-12-29,0.843835,0.873054,0.833232,0.873054,"215,742","63,985,600",422.1,432.98,420.63,432.98,"51,596,500","6,339,010,000"
2015-12-28,0.856356,0.872394,0.832932,0.845005,"235,134","64,913,200",423.34,429.77,418.48,422.28,"49,638,600","6,356,100,000"
2015-12-27,0.853166,0.861538,0.841151,0.856365,"164,565","64,650,000",416.51,424.01,408.88,422.82,"53,591,200","6,251,440,000"
2015-12-26,0.870766,0.897453,0.838314,0.854603,"425,282","65,961,900",455.76,457.49,405.76,417.27,"116,166,000","6,838,480,000"
2015-12-25,0.861993,0.882556,0.861993,0.870363,"187,114","65,275,400",454.86,458.31,452.07,455.65,"39,078,500","6,823,120,000"
2015-12-24,0.859433,0.882818,0.8476,0.863262,"354,646","65,060,000",443.09,458.46,443.08,454.99,"57,157,200","6,645,120,000"
2015-12-23,0.861782,0.88294,0.856065,0.858077,"334,993","65,215,800",436.72,444.53,436.62,442.4,"47,161,400","6,547,850,000"
2015-12-22,0.894973,0.909526,0.862059,0.864202,"454,249","67,704,600",437.44,443.69,435.52,436.57,"50,840,400","6,556,960,000"
2015-12-21,0.906065,0.91739,0.891182,0.900771,"549,113","68,521,200",442.84,444.73,427.31,438.64,"77,639,700","6,636,280,000"
2015-12-20,0.90824,0.943185,0.899441,0.903885,"472,164","68,663,100",462.23,462.64,434.34,442.69,"75,409,400","6,925,030,000"
2015-12-19,0.921524,0.925874,0.888916,0.908072,"343,535","69,644,200",463.55,465.58,456.76,462.32,"47,892,700","6,942,950,000"
2015-12-18,0.938327,0.939493,0.908081,0.920127,"300,787","70,890,600",455.85,465.18,454.94,463.62,"60,220,100","6,825,640,000"
2015-12-17,0.993043,0.997611,0.911807,0.940701,"640,765","74,999,300",454.78,457.86,448.86,456.08,"47,978,400","6,807,850,000"
2015-12-16,1.02,1.02,0.974927,0.991182,"320,767","76,791,600",465.21,465.21,443.85,454.93,"107,944,000","6,962,090,000"
2015-12-15,0.990589,1.03,0.98224,1.01,"578,618","74,764,100",443.88,465.32,443.88,465.32,"83,121,100","6,640,850,000"
2015-12-14,0.95662,1.01,0.950178,0.993022,"563,436","72,176,400",433.27,447.14,430.46,444.18,"130,496,000","6,480,070,000"
2015-12-13,0.971538,0.989394,0.937438,0.952884,"273,614","73,276,400",431.66,441.68,426.27,433.75,"55,050,600","6,454,430,000"
2015-12-12,0.931196,1.05,0.928546,0.976973,"1,376,280","70,210,000",452.33,469.1,410.74,435.0,"131,969,000","6,761,730,000"
2015-12-11,0.839995,0.929762,0.819789,0.929762,"801,072","63,312,400",415.28,451.94,415.28,451.94,"110,944,000","6,206,150,000"
2015-12-10,0.79559,0.86159,0.787291,0.840396,"369,589","59,945,000",417.99,419.51,411.55,415.48,"52,138,900","6,244,360,000"
2015-12-09,0.824454,0.824454,0.770488,0.792167,"624,221","62,098,400",414.44,423.12,406.29,417.56,"90,917,200","6,189,620,000"
2015-12-08,0.806024,0.823645,0.782328,0.822118,"445,903","60,690,400",395.75,415.56,389.95,415.56,"57,801,400","5,908,810,000"
2015-12-07,0.836322,0.850791,0.78765,0.811264,"520,409","62,950,900",389.98,399.97,385.41,395.54,"63,455,800","5,821,140,000"
2015-12-06,0.866417,0.882436,0.833115,0.8355,"443,608","65,194,900",389.56,402.81,387.09,388.78,"77,762,000","5,813,290,000"
2015-12-05,0.841195,0.872821,0.824444,0.862438,"232,743","63,276,000",363.72,389.79,363.23,388.95,"66,282,200","5,426,180,000"
2015-12-04,0.812082,0.859575,0.802373,0.840041,"241,278","61,065,700",361.26,363.52,355.76,363.18,"35,784,100","5,388,110,000"
2015-12-03,0.818546,0.837664,0.785086,0.812143,"539,969","61,530,500",359.33,370.27,357.41,361.05,"50,714,900","5,358,040,000"
2015-12-02,0.873171,0.878017,0.818924,0.82121,"506,307","65,615,700",361.85,362.23,349.46,359.19,"54,160,500","5,394,070,000"
2015-12-01,0.878316,0.886736,0.853937,0.8748,"652,857","65,980,000",377.41,378.93,356.56,362.49,"60,452,200","5,624,580,000"
2015-11-30,0.879951,0.895054,0.847696,0.873119,"784,439","66,080,400",371.44,382.36,370.38,377.32,"71,701,600","5,534,000,000"
2015-11-29,0.914144,0.914153,0.860533,0.878614,"448,358","68,625,100",357.47,371.94,355.67,371.29,"40,409,300","5,324,610,000"
2015-11-28,0.868102,0.929293,0.862122,0.915703,"462,464","65,147,000",357.14,359.54,352.17,357.38,"36,816,600","5,318,300,000"
2015-11-27,0.8821,0.900051,0.860695,0.867951,"403,813","66,174,600",351.86,363.59,347.87,358.04,"55,179,100","5,238,500,000"
2015-11-26,0.863273,0.903643,0.80436,0.884183,"947,473","64,740,900",328.3,366.76,328.23,352.68,"106,105,000","4,886,330,000"
2015-11-25,0.893827,0.899493,0.851106,0.863537,"622,991","67,010,200",320.05,329.13,316.77,328.21,"41,666,900","4,762,230,000"
2015-11-24,0.946442,0.948055,0.895931,0.900191,"524,195","70,931,100",323.01,323.06,318.12,320.05,"29,362,600","4,805,160,000"
2015-11-23,0.967493,0.969057,0.93387,0.946969,"441,875","72,484,200",324.35,325.12,321.29,323.05,"27,478,900","4,823,700,000"
2015-11-22,0.979765,0.984132,0.958982,0.968018,"372,173","73,378,800",326.98,327.01,321.26,324.54,"23,439,400","4,861,340,000"
2015-11-21,0.928758,0.978743,0.92094,0.97614,"455,976","69,535,300",322.09,328.16,319.6,326.93,"28,200,500","4,787,340,000"
2015-11-20,0.955735,0.955735,0.898576,0.92492,"614,335","71,532,500",326.41,326.47,312.22,322.02,"53,152,900","4,850,170,000"
2015-11-19,0.988713,1.01,0.937498,0.955532,"443,528","73,976,100",334.68,335.33,325.27,326.15,"45,011,100","4,971,880,000"
2015-11-18,0.993214,1.01,0.940516,0.993319,"681,104","74,287,700",334.59,336.53,330.64,334.59,"43,783,800","4,969,330,000"
2015-11-17,0.924948,1.03,0.905794,1.01,"1,145,440","69,157,900",330.36,338.35,329.61,335.09,"51,001,600","4,905,260,000"
2015-11-16,0.906166,0.944732,0.891971,0.928962,"620,945","67,730,700",319.74,331.63,315.9,330.75,"47,980,100","4,746,070,000"
2015-11-15,0.891217,0.921516,0.874957,0.906368,"411,848","66,590,200",333.05,334.66,317.49,320.17,"44,213,100","4,942,420,000"
2015-11-14,0.905469,0.906113,0.876908,0.888812,"372,514","67,631,900",336.62,338.18,329.97,332.91,"38,612,000","4,994,250,000"
2015-11-13,0.907722,0.917309,0.846023,0.904096,"543,671","67,777,000",338.5,340.91,326.07,336.75,"52,003,000","5,020,700,000"
2015-11-12,0.796455,0.913919,0.76351,0.895711,"806,156","59,448,700",314.08,345.08,313.36,338.15,"78,477,800","4,657,240,000"
2015-11-11,0.941296,0.945278,0.729775,0.791829,"1,278,580","70,236,200",339.82,340.58,301.0,311.08,"107,070,000","5,037,510,000"
2015-11-10,1.0,1.05,0.920968,0.934348,"854,581","74,685,300",379.98,381.39,329.11,336.82,"95,797,900","5,631,520,000"
2015-11-09,1.03,1.11,0.945263,0.999278,"2,045,290","76,991,800",374.32,385.28,362.89,380.26,"68,224,400","5,546,240,000"
2015-11-08,0.915661,1.03,0.915661,1.03,"1,021,460","68,254,300",384.28,389.89,368.7,373.37,"51,817,600","5,692,390,000"
2015-11-07,0.923732,0.943787,0.863539,0.927974,"890,187","68,833,200",374.27,390.59,372.43,386.48,"56,625,100","5,542,680,000"
2015-11-06,0.904772,0.989848,0.852929,0.926032,"913,666","67,397,100",388.05,395.84,354.02,374.47,"122,687,000","5,745,320,000"
2015-11-05,0.900699,0.991259,0.860382,0.895637,"1,179,840","67,070,700",408.08,447.56,374.58,386.35,"151,825,000","6,040,410,000"
2015-11-04,1.01,1.04,0.725665,0.89905,"3,060,340","75,232,400",403.66,495.56,380.55,411.56,"263,900,000","5,973,510,000"
2015-11-03,0.994568,1.07,0.936615,1.01,"1,907,690","74,010,000",361.87,417.9,357.65,403.42,"206,162,000","5,353,680,000"
2015-11-02,1.06,1.1,0.953647,0.989789,"1,145,200","78,701,400",325.94,365.36,323.21,361.19,"101,918,000","4,820,850,000"
2015-11-01,0.920847,1.08,0.899082,1.06,"588,913","68,477,200",315.0,327.47,311.88,325.43,"37,001,100","4,657,890,000"
2015-10-31,1.05,1.06,0.900171,0.916627,"673,892","77,800,300",328.51,332.78,309.25,314.17,"48,598,100","4,856,410,000"
2015-10-30,1.21,1.35,0.96816,1.04,"2,429,200","89,857,400",313.94,334.17,313.94,328.01,"78,305,000","4,639,690,000"
2015-10-29,1.01,1.21,0.947374,1.21,"2,279,240","74,675,600",304.32,318.17,301.82,313.86,"64,495,900","4,496,390,000"
2015-10-28,0.870938,1.06,0.807857,1.0,"2,373,050","64,676,600",293.7,306.33,293.7,304.62,"50,808,100","4,338,430,000"
2015-10-27,0.70889,0.898172,0.70889,0.869641,"1,846,370","52,624,300",285.18,296.21,285.01,293.79,"46,331,800","4,211,500,000"
2015-10-26,0.619743,0.757517,0.597098,0.731317,"1,089,120","45,991,300",283.63,285.3,280.51,285.3,"32,108,800","4,187,410,000"
2015-10-25,0.563207,0.688192,0.561383,0.616039,"635,384","41,781,300",281.44,294.06,281.44,283.68,"45,717,100","4,154,100,000"
2015-10-24,0.539681,0.577396,0.518688,0.56359,"258,356","40,022,100",276.5,281.71,276.5,281.65,"25,942,400","4,080,140,000"
2015-10-23,0.56637,0.611743,0.504284,0.539657,"878,822","41,986,400",273.65,278.68,273.54,276.5,"29,442,500","4,037,010,000"
2015-10-22,0.444988,0.619466,0.420991,0.567702,"924,822","32,977,300",266.5,276.51,266.13,274.02,"37,808,600","3,930,500,000"
2015-10-21,0.431589,0.482988,0.420897,0.447329,"609,085","31,973,600",269.31,270.77,263.84,266.27,"25,637,300","3,970,980,000"
2015-10-20,0.489629,0.501898,0.431648,0.434829,"383,921","36,261,200",263.57,270.83,263.23,269.46,"30,889,800","3,885,570,000"
2015-10-19,0.517621,0.521546,0.480994,0.489014,"243,742","38,321,300",261.86,264.82,260.95,263.44,"25,258,800","3,859,270,000"
2015-10-18,0.547913,0.552234,0.512861,0.517734,"133,690","40,550,400",270.91,271.67,260.78,261.64,"22,434,300","3,991,620,000"
2015-10-17,0.534117,0.56346,0.526961,0.547178,"313,860","39,515,900",262.75,273.58,262.37,270.64,"43,199,600","3,870,490,000"
2015-10-16,0.562593,0.568861,0.522533,0.536495,"249,891","41,608,900",254.3,266.13,253.93,262.87,"35,901,500","3,745,090,000"
2015-10-15,0.523278,0.572714,0.51473,0.561878,"371,022","38,688,300",252.11,255.96,252.05,254.32,"25,223,500","3,711,800,000"
2015-10-14,0.61224,0.61224,0.483974,0.522968,"971,664","45,250,600",249.49,254.28,248.9,251.99,"27,462,600","3,672,370,000"
2015-10-13,0.627943,0.63024,0.599214,0.607655,"303,044","46,395,200",245.2,250.24,243.76,249.51,"28,198,500","3,608,340,000"
2015-10-12,0.634515,0.657789,0.62603,0.62603,"109,567","46,864,200",246.88,247.45,245.18,245.31,"17,388,300","3,632,110,000"
2015-10-11,0.627461,0.639506,0.618335,0.634963,"102,128","46,327,500",244.74,247.24,244.15,247.05,"16,827,300","3,599,840,000"
2015-10-10,0.641187,0.649022,0.624374,0.627857,"141,555","47,325,200",243.74,245.32,243.07,244.94,"15,912,700","3,584,120,000"
2015-10-09,0.655084,0.692296,0.632116,0.650628,"386,420","48,334,900",242.5,244.23,242.12,243.93,"17,353,100","3,565,090,000"
2015-10-08,0.609501,0.633138,0.591971,0.621716,"310,266","44,955,900",243.07,244.25,242.18,242.3,"18,515,300","3,572,730,000"
2015-10-07,0.650515,0.656301,0.602423,0.609388,"218,327","47,964,700",246.17,246.68,242.59,242.97,"22,999,200","3,617,400,000"
2015-10-06,0.622218,0.653944,0.60623,0.650645,"262,674","45,863,300",240.36,246.94,240.14,246.06,"27,535,100","3,531,230,000"
2015-10-05,0.666784,0.674438,0.62445,0.628643,"234,263","49,131,600",238.15,240.38,237.03,240.38,"23,335,900","3,497,740,000"
2015-10-04,0.686343,0.693126,0.660716,0.668379,"103,497","50,556,000",238.53,238.97,237.94,238.26,"12,999,000","3,502,460,000"
2015-10-03,0.678783,0.709204,0.675482,0.687171,"163,326","49,981,900",237.2,239.31,236.94,238.73,"16,482,700","3,482,100,000"
2015-10-02,0.683732,0.69112,0.654605,0.678574,"219,318","50,328,700",237.26,238.54,236.6,237.29,"19,677,900","3,482,190,000"
2015-10-01,0.734307,0.734307,0.655906,0.690215,"596,084","54,032,300",236.0,238.44,235.62,237.55,"20,488,800","3,462,800,000"
2015-09-30,0.661192,0.746722,0.635861,0.738644,"619,926","48,636,600",236.64,237.73,235.63,236.06,"19,743,500","3,471,280,000"
2015-09-29,0.579414,0.67583,0.558346,0.661146,"913,992","42,607,700",239.02,239.8,235.93,236.69,"22,691,300","3,505,090,000"
2015-09-28,0.723715,0.725677,0.557062,0.582886,"1,320,890","53,201,800",232.84,239.34,232.47,239.14,"24,713,000","3,413,630,000"
2015-09-27,0.791277,0.791277,0.719169,0.720839,"413,801","58,149,600",234.14,234.53,232.48,232.76,"14,179,900","3,431,860,000"
2015-09-26,0.73763,0.787544,0.709328,0.785964,"369,620","54,188,900",235.08,235.4,233.36,234.34,"13,724,100","3,444,730,000"
2015-09-25,0.820031,0.825665,0.712745,0.736223,"903,457","60,221,400",234.36,237.43,233.68,235.14,"22,363,600","3,433,300,000"
2015-09-24,0.896796,0.908571,0.79346,0.81361,"842,505","65,836,400",230.36,235.65,230.29,234.53,"25,097,800","3,373,850,000"
2015-09-23,0.90356,0.90891,0.885136,0.893406,"200,541","66,309,600",230.94,231.84,229.59,230.28,"17,254,100","3,381,390,000"
2015-09-22,0.919337,0.919337,0.865225,0.901796,"487,914","67,444,200",226.97,232.39,225.12,230.62,"25,009,300","3,322,420,000"
2015-09-21,0.941496,0.957326,0.878301,0.919047,"424,039","69,045,900",231.22,231.22,226.52,227.09,"19,678,800","3,383,840,000"
2015-09-20,0.881191,0.947741,0.873205,0.938445,"508,314","64,600,000",231.4,232.37,230.91,231.21,"14,444,700","3,385,770,000"
2015-09-19,0.849603,0.911883,0.833784,0.882391,"386,988","62,262,700",232.86,233.21,231.09,231.49,"12,712,600","3,406,390,000"
2015-09-18,0.874574,0.888102,0.833908,0.853685,"484,622","64,071,300",233.52,234.35,232.19,232.97,"20,242,200","3,415,440,000"
2015-09-17,0.906865,0.909204,0.831132,0.874231,"897,940","66,415,200",229.08,230.28,228.93,229.81,"18,935,400","3,349,390,000"
2015-09-16,0.941977,0.952698,0.901639,0.907175,"615,593","68,963,300",230.25,231.22,227.4,229.09,"20,144,200","3,365,740,000"
2015-09-15,0.875189,1.05,0.875189,0.94441,"703,390","64,052,400",230.49,259.18,229.82,230.3,"19,177,800","3,368,360,000"
2015-09-14,0.940566,0.949387,0.87176,0.875622,"741,085","68,814,400",230.61,232.44,227.96,230.64,"20,997,800","3,369,190,000"
2015-09-13,1.04,1.04,0.902832,0.936003,"644,138","76,193,600",235.24,235.94,229.33,230.51,"18,478,800","3,435,990,000"
2015-09-12,0.987228,1.11,0.96978,1.04,"772,430","72,179,000",239.85,240.12,234.75,235.23,"17,962,600","3,502,520,000"
2015-09-11,1.16,1.17,0.940675,0.982978,"1,942,600","85,144,300",238.33,241.17,238.33,240.11,"19,224,700","3,479,310,000"
2015-09-10,1.21,1.22,1.14,1.17,"662,782","88,230,500",238.34,241.29,235.79,238.48,"21,215,500","3,478,410,000"
2015-09-09,1.24,1.26,1.2,1.21,"366,748","90,518,300",243.41,244.42,237.82,238.17,"23,635,700","3,551,640,000"
2015-09-08,1.25,1.28,1.23,1.24,"427,892","91,020,700",239.85,245.78,239.68,243.61,"26,879,200","3,498,750,000"
2015-09-07,1.3,1.31,1.24,1.25,"489,014","94,585,300",239.93,242.11,238.72,239.85,"21,192,200","3,499,120,000"
2015-09-06,1.34,1.37,1.29,1.3,"491,968","97,625,500",234.87,242.91,234.68,239.84,"25,473,700","3,424,420,000"
2015-09-05,1.28,1.34,1.27,1.34,"448,453","93,402,300",230.2,236.14,229.44,235.02,"20,671,400","3,355,470,000"
2015-09-04,1.26,1.3,1.24,1.27,"474,391","92,234,100",227.22,230.9,227.05,230.3,"20,962,400","3,311,080,000"
2015-09-03,1.3,1.31,1.21,1.26,"702,991","94,418,700",229.32,229.6,226.67,227.18,"17,482,000","3,340,990,000"
2015-09-02,1.35,1.35,1.26,1.29,"883,769","98,504,600",228.03,230.58,226.47,229.28,"18,760,400","3,321,180,000"
2015-09-01,1.35,1.39,1.34,1.35,"778,862","98,617,200",230.26,231.22,226.86,228.12,"20,575,200","3,352,760,000"
2015-08-31,1.32,1.4,1.2,1.36,"1,447,180","96,251,000",229.11,231.96,225.91,230.06,"20,710,700","3,335,220,000"
2015-08-30,1.18,1.37,1.17,1.32,"1,337,650","86,145,900",229.9,232.07,226.25,228.76,"19,412,600","3,345,740,000"
2015-08-29,1.19,1.21,1.15,1.18,"375,377","86,887,600",231.55,233.22,227.33,229.78,"17,142,500","3,368,880,000"
2015-08-28,1.15,1.21,1.12,1.19,"721,872","83,521,700",224.7,235.22,220.93,231.4,"31,336,600","3,268,370,000"
2015-08-27,1.17,1.19,1.14,1.15,"686,662","85,106,100",226.05,228.64,223.68,224.77,"21,905,400","3,287,220,000"
2015-08-26,1.13,1.2,1.06,1.16,"1,056,750","82,384,400",222.08,231.18,220.2,225.83,"31,808,000","3,228,540,000"
2015-08-25,1.23,1.24,1.13,1.14,"1,307,180","89,321,900",210.07,226.32,199.57,221.61,"61,089,200","3,053,250,000"
2015-08-24,1.35,1.36,1.23,1.23,"924,920","97,791,600",228.11,228.14,210.44,210.5,"59,220,700","3,314,640,000"
2015-08-23,1.38,1.41,1.3,1.35,"1,589,300","99,894,500",230.38,232.71,225.58,228.17,"18,406,600","3,346,760,000"
2015-08-22,1.4,1.48,1.35,1.38,"948,310","101,404,000",232.66,234.96,222.7,230.39,"23,205,900","3,379,050,000"
2015-08-21,1.48,1.56,1.35,1.4,"2,020,970","107,266,000",235.35,236.43,231.72,232.57,"23,173,800","3,417,200,000"
2015-08-20,1.25,1.53,1.25,1.46,"2,843,760","90,809,000",226.9,237.37,226.9,235.35,"32,275,000","3,293,570,000"
2015-08-19,1.17,1.32,1.17,1.26,"1,486,240","84,663,900",225.67,237.41,222.77,226.68,"60,869,200","3,274,860,000"
2015-08-18,1.22,1.33,1.09,1.09,"1,485,680","88,143,200",257.93,257.99,211.08,211.08,"42,147,200","3,742,020,000"
2015-08-17,1.58,1.58,1.19,1.2,"1,942,830","95,819,700",258.49,260.5,257.12,257.98,"21,617,900","3,749,260,000"
2015-08-16,1.68,1.7,1.09,1.57,"3,550,790","102,028,000",261.87,262.44,257.04,258.51,"29,717,000","3,797,330,000"
2015-08-15,1.8,1.88,1.57,1.69,"2,554,360","109,160,000",265.53,266.67,261.3,261.55,"19,321,100","3,849,530,000"
2015-08-14,1.81,2.26,1.75,1.83,"4,637,030","109,594,000",264.13,267.47,261.48,265.68,"27,091,200","3,828,340,000"
2015-08-13,1.22,1.97,1.17,1.83,"4,068,680","73,935,400",266.18,266.23,262.84,264.08,"27,685,500","3,857,090,000"
2015-08-12,1.06,1.29,0.883608,1.22,"2,150,620","64,018,400",270.6,270.67,265.47,266.38,"26,815,400","3,920,210,000"
2015-08-11,0.708087,1.13,0.663235,1.07,"1,463,100","42,796,500",264.34,270.39,264.09,270.39,"25,433,900","3,828,500,000"
2015-08-10,0.713989,0.729854,0.636546,0.708448,"405,283","43,130,000",265.48,267.03,262.6,264.47,"20,979,400","3,843,850,000"
2015-08-09,0.706136,0.87981,0.629191,0.701897,"532,170","42,637,600",261.12,267.0,260.47,265.08,"23,789,600","3,779,770,000"
2015-08-08,2.79,2.8,0.714725,0.753325,"674,188","167,911,000",279.74,279.93,260.71,261.0,"58,533,000","4,048,270,000"
2015-08-07,2.83,3.54,2.52,2.77,"164,329",-,278.74,280.39,276.37,279.58,"42,484,800","4,032,820,000"
